[Licensing::Module] Trying to connect to existing licensing client channel...
Built from '6000.2/staging' branch; Version is '6000.2.10f1 (d3d30d158480) revision 13882125'; Using compiler version '194234433'; Build Type 'Release'
[Licensing::IpcConnector] Successfully connected to: "LicenseClient-lele7" at "2026-02-02T01:46:50.5332103Z"
OS: 'Windows 11  (10.0.26100) 64bit Professional' Language: 'zh' Physical Memory: 48961 MB
BatchMode: 1, IsHumanControllingUs: 0, StartBugReporterOnCrash: 0, Is64bit: 1
Date: 2026-02-02T01:46:50Z

COMMAND LINE ARGUMENTS:
D:\Unity\6000.2.10f1\Editor\Unity.exe
-adb2
-batchMode
-noUpm
-name
AssetImportWorker1
-projectPath
E:/WuhanWaterConservationScienceMuseum/在线监测
-logFile
Logs/AssetImportWorker1.log
-srvPort
8741
-licensingIpc
LicenseClient-lele7
-job-worker-count
11
-background-job-worker-count
8
-gc-helper-count
1
-name
AssetImport
Successfully changed project path to: E:/WuhanWaterConservationScienceMuseum/在线监测
E:/WuhanWaterConservationScienceMuseum/在线监测
[UnityMemory] Configuration Parameters - Can be set up in boot.config
    "memorysetup-allocator-temp-initial-block-size-main=262144"
    "memorysetup-allocator-temp-initial-block-size-worker=262144"
    "memorysetup-bucket-allocator-granularity=16"
    "memorysetup-bucket-allocator-bucket-count=8"
    "memorysetup-bucket-allocator-block-size=33554432"
    "memorysetup-bucket-allocator-block-count=8"
    "memorysetup-main-allocator-block-size=16777216"
    "memorysetup-thread-allocator-block-size=16777216"
    "memorysetup-gfx-main-allocator-block-size=16777216"
    "memorysetup-gfx-thread-allocator-block-size=16777216"
    "memorysetup-cache-allocator-block-size=4194304"
    "memorysetup-typetree-allocator-block-size=2097152"
    "memorysetup-profiler-bucket-allocator-granularity=16"
    "memorysetup-profiler-bucket-allocator-bucket-count=8"
    "memorysetup-profiler-bucket-allocator-block-size=33554432"
    "memorysetup-profiler-bucket-allocator-block-count=8"
    "memorysetup-profiler-allocator-block-size=16777216"
    "memorysetup-profiler-editor-allocator-block-size=1048576"
    "memorysetup-temp-allocator-size-main=16777216"
    "memorysetup-job-temp-allocator-block-size=2097152"
    "memorysetup-job-temp-allocator-block-size-background=1048576"
    "memorysetup-job-temp-allocator-reduction-small-platforms=262144"
    "memorysetup-temp-allocator-size-background-worker=32768"
    "memorysetup-temp-allocator-size-job-worker=262144"
    "memorysetup-temp-allocator-size-preload-manager=33554432"
    "memorysetup-temp-allocator-size-nav-mesh-worker=65536"
    "memorysetup-temp-allocator-size-audio-worker=65536"
    "memorysetup-temp-allocator-size-cloud-worker=32768"
    "memorysetup-temp-allocator-size-gi-baking-worker=262144"
    "memorysetup-temp-allocator-size-gi-baking-worker=262144"
    "memorysetup-temp-allocator-size-gi-baking-worker=262144"
    "memorysetup-temp-allocator-size-gi-baking-worker=262144"
    "memorysetup-temp-allocator-size-gi-baking-worker=262144"
    "memorysetup-temp-allocator-size-gfx=262144"
Player connection [12916]  Target information:

Player connection [12916]  * "[IP] 192.168.10.3 [Port] 0 [Flags] 2 [Guid] 1584948588 [EditorId] 1584948588 [Version] 1048832 [Id] WindowsEditor(7,lele) [Debug] 1 [PackageName] WindowsEditor [ProjectName] Editor" 

Player connection [12916] Host joined multi-casting on [225.0.0.222:54997]...
Player connection [12916] Host joined alternative multi-casting on [225.0.0.222:34997]...
JobSystem: Creating JobQueue using job-worker-count value 11
Input System module state changed to: Initialized.
[Physics::Module] Initialized fallback backend.
[Physics::Module] Id: 0xdecafbad
[Licensing::Client] Code 10 while verifying Licensing Client signature (process Id: 27208, path: "D:/UnityHub/Unity Hub/UnityLicensingClient_V1/Unity.Licensing.Client.exe")
[Licensing::Module] LicensingClient has failed validation; ignoring
[Licensing::Client] Handshaking with LicensingClient:
  Version:                 1.17.4+4293ba1
  Session Id:              796dccbfcc4543138f9ea8c6731c56d8
  Correlation Id:          843f123405de2d33c1f1ef86545eb6e4
  External correlation Id: 2287921376024410563
  Machine Id:              u8KMWfVxpLy2SnP+JwXBXavZzKk=
[Licensing::Module] Successfully connected to LicensingClient on channel: "LicenseClient-lele7" (connect: 0.00s, validation: 0.00s, handshake: 0.03s)
[Licensing::IpcConnector] Successfully connected to: "LicenseClient-lele7-notifications" at "2026-02-02T01:46:50.5688049Z"
[Licensing::Module] Licensing Background thread has ended after 0.04s
Library Redirect Path: Library/
[Physics::Module] Selected backend.
[Physics::Module] Name: PhysX
[Physics::Module] Id: 0xf2b8ea05
[Physics::Module] SDK Version: 4.1.2
[Physics::Module] Integration Version: 1.0.0
[Physics::Module] Threading Mode: Multi-Threaded
Refreshing native plugins compatible for Editor in 192.73 ms, found 6 plugins.
Preloading 0 native plugins for Editor in 0.00 ms.
Initialize engine version: 6000.2.10f1 (d3d30d158480)
[Subsystems] Discovering subsystems at path D:/Unity/6000.2.10f1/Editor/Data/Resources/UnitySubsystems
[Subsystems] Discovering subsystems at path E:/WuhanWaterConservationScienceMuseum/在线监测/Assets
GfxDevice: creating device client; kGfxThreadingModeNonThreaded
Direct3D:
    Version:  Direct3D 11.0 [level 11.1]
    Renderer: NVIDIA GeForce RTX 5060 (ID=0x2d05)
    Vendor:   NVIDIA
    VRAM:     7807 MB
    Driver:   32.0.15.8142
Initialize mono
Mono path[0] = 'D:/Unity/6000.2.10f1/Editor/Data/Managed'
Mono path[1] = 'D:/Unity/6000.2.10f1/Editor/Data/MonoBleedingEdge/lib/mono/unityjit-win32'
Mono config path = 'D:/Unity/6000.2.10f1/Editor/Data/MonoBleedingEdge/etc'
Using monoOptions --debugger-agent=transport=dt_socket,embedding=1,server=y,suspend=n,address=127.0.0.1:56680
Begin MonoManager ReloadAssembly
Registering precompiled unity dll's ...
Register platform support module: D:/Unity/6000.2.10f1/Editor/Data/PlaybackEngines/WindowsStandaloneSupport/UnityEditor.WindowsStandalone.Extensions.dll
Registered in 0.000861 seconds.
- Loaded All Assemblies, in  0.241 seconds
Native extension for WindowsStandalone target not found
Mono: successfully reloaded assembly
- Finished resetting the current domain, in  0.206 seconds
Domain Reload Profiling: 446ms
	BeginReloadAssembly (77ms)
		ExecutionOrderSort (0ms)
		DisableScriptedObjects (0ms)
		BackupInstance (0ms)
		ReleaseScriptingObjects (0ms)
		CreateAndSetChildDomain (0ms)
	RebuildCommonClasses (23ms)
	RebuildNativeTypeToScriptingClass (8ms)
	initialDomainReloadingComplete (30ms)
	LoadAllAssembliesAndSetupDomain (101ms)
		LoadAssemblies (76ms)
		RebuildTransferFunctionScriptingTraits (0ms)
		AnalyzeDomain (99ms)
			TypeCache.Refresh (98ms)
				TypeCache.ScanAssembly (88ms)
			BuildScriptInfoCaches (0ms)
			ResolveRequiredComponents (0ms)
	FinalizeReload (207ms)
		ReleaseScriptCaches (0ms)
		RebuildScriptCaches (0ms)
		SetupLoadedEditorAssemblies (182ms)
			LogAssemblyErrors (0ms)
			InitializePlatformSupportModulesInManaged (31ms)
			SetLoadedEditorAssemblies (2ms)
			BeforeProcessingInitializeOnLoad (37ms)
			ProcessInitializeOnLoadAttributes (74ms)
			ProcessInitializeOnLoadMethodAttributes (39ms)
			AfterProcessingInitializeOnLoad (0ms)
			EditorAssembliesLoaded (0ms)
		ExecutionOrderSort2 (0ms)
		AwakeInstancesAfterBackupRestoration (0ms)
========================================================================
Worker process is ready to serve import requests
Import Worker Mode flag is 0x00
Begin MonoManager ReloadAssembly
[Licensing::Client] Successfully resolved entitlement details
[Licensing::Module] License group:
  Id: ewogICJzdWJzR3JvdXAiIDogInVuaXR5IGVkaXRvciIsCiAgIm5hbWVzcGFjZSIgOiAidW5pdHlfZWRpdG9yIiwKICAidHlwZSIgOiAiRURJVE9SIiwKICAidGFnIiA6ICJVbml0eVBlcnNvbmFsXXXX
  Product: Unity Personal Version
  Type: Assigned
  Expiration: Unlimited
- Loaded All Assemblies, in  0.317 seconds
Refreshing native plugins compatible for Editor in 6.60 ms, found 6 plugins.
Native extension for WindowsStandalone target not found
Refreshing native plugins compatible for Editor in 8.62 ms, found 6 plugins.
Package Manager log level set to [2]
[Package Manager] Failed to launch server process. Reason: Unity was launched with the -noUpm command-line argument
[Package Manager] Unable to send message (not connected to server process).
[Package Manager] Cannot connect to Unity Package Manager local server
Mono: successfully reloaded assembly
- Finished resetting the current domain, in  0.371 seconds
Domain Reload Profiling: 686ms
	BeginReloadAssembly (115ms)
		ExecutionOrderSort (0ms)
		DisableScriptedObjects (4ms)
		BackupInstance (0ms)
		ReleaseScriptingObjects (0ms)
		CreateAndSetChildDomain (18ms)
	RebuildCommonClasses (23ms)
	RebuildNativeTypeToScriptingClass (8ms)
	initialDomainReloadingComplete (23ms)
	LoadAllAssembliesAndSetupDomain (146ms)
		LoadAssemblies (153ms)
		RebuildTransferFunctionScriptingTraits (0ms)
		AnalyzeDomain (55ms)
			TypeCache.Refresh (44ms)
				TypeCache.ScanAssembly (37ms)
			BuildScriptInfoCaches (8ms)
			ResolveRequiredComponents (1ms)
	FinalizeReload (372ms)
		ReleaseScriptCaches (0ms)
		RebuildScriptCaches (0ms)
		SetupLoadedEditorAssemblies (299ms)
			LogAssemblyErrors (0ms)
			InitializePlatformSupportModulesInManaged (1ms)
			SetLoadedEditorAssemblies (2ms)
			BeforeProcessingInitializeOnLoad (64ms)
			ProcessInitializeOnLoadAttributes (213ms)
			ProcessInitializeOnLoadMethodAttributes (16ms)
			AfterProcessingInitializeOnLoad (3ms)
			EditorAssembliesLoaded (0ms)
		ExecutionOrderSort2 (0ms)
		AwakeInstancesAfterBackupRestoration (5ms)
WARNING: Shader Unsupported: 'AVProVideo/VR/InsideSphere Unlit Transparent (stereo+color+alpha) - Android OES ONLY' - All subshaders removed
WARNING: Shader Did you use #pragma only_renderers and omit this platform?
WARNING: Shader If subshaders removal was intentional, you may have forgotten turning Fallback off?
WARNING: Shader Unsupported: 'AVProVideo/VR/InsideSphere Unlit Transparent (stereo+color+alpha) - Android OES ONLY' - All subshaders removed
WARNING: Shader Did you use #pragma only_renderers and omit this platform?
WARNING: Shader If subshaders removal was intentional, you may have forgotten turning Fallback off?
WARNING: Shader Unsupported: 'AVProVideo/VR/InsideSphere Unlit (stereo+color) - Android OES ONLY' - All subshaders removed
WARNING: Shader Did you use #pragma only_renderers and omit this platform?
WARNING: Shader If subshaders removal was intentional, you may have forgotten turning Fallback off?
WARNING: Shader Unsupported: 'AVProVideo/VR/InsideSphere Unlit (stereo+color) - Android OES ONLY' - All subshaders removed
WARNING: Shader Did you use #pragma only_renderers and omit this platform?
WARNING: Shader If subshaders removal was intentional, you may have forgotten turning Fallback off?
WARNING: Shader Unsupported: 'AVProVideo/Internal/UI/Stereo - AndroidOES' - All subshaders removed
WARNING: Shader Did you use #pragma only_renderers and omit this platform?
WARNING: Shader If subshaders removal was intentional, you may have forgotten turning Fallback off?
WARNING: Shader Unsupported: 'AVProVideo/Internal/UI/Stereo - AndroidOES' - All subshaders removed
WARNING: Shader Did you use #pragma only_renderers and omit this platform?
WARNING: Shader If subshaders removal was intentional, you may have forgotten turning Fallback off?
WARNING: Shader Unsupported: 'AVProVideo/Internal/UI/Transparent Packed (stereo) - AndroidOES' - All subshaders removed
WARNING: Shader Did you use #pragma only_renderers and omit this platform?
WARNING: Shader If subshaders removal was intentional, you may have forgotten turning Fallback off?
WARNING: Shader Unsupported: 'AVProVideo/Internal/UI/Transparent Packed (stereo) - AndroidOES' - All subshaders removed
WARNING: Shader Did you use #pragma only_renderers and omit this platform?
WARNING: Shader If subshaders removal was intentional, you may have forgotten turning Fallback off?
WARNING: Shader Unsupported: 'AVProVideo/Unlit/Opaque (texture+color+stereo support) - Android OES ONLY' - All subshaders removed
WARNING: Shader Did you use #pragma only_renderers and omit this platform?
WARNING: Shader If subshaders removal was intentional, you may have forgotten turning Fallback off?
WARNING: Shader Unsupported: 'AVProVideo/Unlit/Opaque (texture+color+stereo support) - Android OES ONLY' - All subshaders removed
WARNING: Shader Did you use #pragma only_renderers and omit this platform?
WARNING: Shader If subshaders removal was intentional, you may have forgotten turning Fallback off?
WARNING: Shader Unsupported: 'Vuplex/Android Web Shader' - All subshaders removed
WARNING: Shader Did you use #pragma only_renderers and omit this platform?
WARNING: Shader If subshaders removal was intentional, you may have forgotten turning Fallback off?
WARNING: Shader Unsupported: 'Vuplex/Android Web Shader' - All subshaders removed
WARNING: Shader Did you use #pragma only_renderers and omit this platform?
WARNING: Shader If subshaders removal was intentional, you may have forgotten turning Fallback off?
WARNING: Shader Unsupported: 'AVProVideo/Unlit/Transparent (texture+alpha support) - Android OES ONLY' - All subshaders removed
WARNING: Shader Did you use #pragma only_renderers and omit this platform?
WARNING: Shader If subshaders removal was intentional, you may have forgotten turning Fallback off?
WARNING: Shader Unsupported: 'AVProVideo/Unlit/Transparent (texture+alpha support) - Android OES ONLY' - All subshaders removed
WARNING: Shader Did you use #pragma only_renderers and omit this platform?
WARNING: Shader If subshaders removal was intentional, you may have forgotten turning Fallback off?
WARNING: Shader Unsupported: 'AVProVideo/UI/AndroidOES' - All subshaders removed
WARNING: Shader Did you use #pragma only_renderers and omit this platform?
WARNING: Shader If subshaders removal was intentional, you may have forgotten turning Fallback off?
WARNING: Shader Unsupported: 'AVProVideo/UI/AndroidOES' - All subshaders removed
WARNING: Shader Did you use #pragma only_renderers and omit this platform?
WARNING: Shader If subshaders removal was intentional, you may have forgotten turning Fallback off?
Launched and connected shader compiler UnityShaderCompiler.exe after 0.02 seconds
Refreshing native plugins compatible for Editor in 9.15 ms, found 6 plugins.
Preloading 0 native plugins for Editor in 0.00 ms.
Unloading 21 Unused Serialized files (Serialized files now loaded: 0)
Unloading 2168 unused Assets / (2.2 MB). Loaded Objects now: 2582.
Memory consumption went from 80.0 MB to 77.9 MB.
Total: 4.510300 ms (FindLiveObjects: 0.222200 ms CreateObjectMapping: 0.126200 ms MarkObjects: 3.016700 ms  DeleteObjects: 1.143500 ms)

========================================================================
Received Prepare
WARNING: Shader Unsupported: 'Vuplex/Android Web Shader' - All subshaders removed
WARNING: Shader Did you use #pragma only_renderers and omit this platform?
WARNING: Shader If subshaders removal was intentional, you may have forgotten turning Fallback off?
WARNING: Shader Unsupported: 'Vuplex/Android Web Shader' - All subshaders removed
WARNING: Shader Did you use #pragma only_renderers and omit this platform?
WARNING: Shader If subshaders removal was intentional, you may have forgotten turning Fallback off?
Refreshing native plugins compatible for Editor in 6.22 ms, found 6 plugins.
Preloading 0 native plugins for Editor in 0.00 ms.
Unloading 2 Unused Serialized files (Serialized files now loaded: 0)
Unloading 1919 unused Assets / (0.6 MB). Loaded Objects now: 2443.
Memory consumption went from 72.9 MB to 72.3 MB.
Total: 4.431600 ms (FindLiveObjects: 0.180300 ms CreateObjectMapping: 0.081200 ms MarkObjects: 3.666000 ms  DeleteObjects: 0.502400 ms)

Prepare: number of updated asset objects reloaded= 17
========================================================================
Received Prepare
WARNING: Shader Unsupported: 'Vuplex/Android Web Shader' - All subshaders removed
WARNING: Shader Did you use #pragma only_renderers and omit this platform?
WARNING: Shader If subshaders removal was intentional, you may have forgotten turning Fallback off?
WARNING: Shader Unsupported: 'Vuplex/Android Web Shader' - All subshaders removed
WARNING: Shader Did you use #pragma only_renderers and omit this platform?
WARNING: Shader If subshaders removal was intentional, you may have forgotten turning Fallback off?
Refreshing native plugins compatible for Editor in 6.45 ms, found 3 plugins.
Preloading 0 native plugins for Editor in 0.00 ms.
Unloading 2 Unused Serialized files (Serialized files now loaded: 0)
Unloading 1920 unused Assets / (0.7 MB). Loaded Objects now: 2425.
Memory consumption went from 69.5 MB to 68.7 MB.
Total: 5.482100 ms (FindLiveObjects: 0.323900 ms CreateObjectMapping: 0.315100 ms MarkObjects: 4.311000 ms  DeleteObjects: 0.530800 ms)

Prepare: number of updated asset objects reloaded= 0
========================================================================
Received Import Request.
  Time since last request: 1237.063966 seconds.
  path: Assets/Resources/返回 (5).png
  artifactKey: Guid(1d31d7e5acde6d9488e3cccec2f27f9f) Importer(2089858483,192608db42251d675da83286b1cce702)
Start importing Assets/Resources/返回 (5).png using Guid(1d31d7e5acde6d9488e3cccec2f27f9f) Importer(2089858483,192608db42251d675da83286b1cce702) (ScriptedImporter) -> (artifact id: 'a08f2293b94eb1475aeb1d05174643f4') in 0.1219047 seconds
Number of updated asset objects reloaded before import = 0Number of asset objects unloaded after import = 3

========================================================================
Received Prepare
WARNING: Shader Unsupported: 'AVProVideo/VR/InsideSphere Unlit Transparent (stereo+color+alpha) - Android OES ONLY' - All subshaders removed
WARNING: Shader Did you use #pragma only_renderers and omit this platform?
WARNING: Shader If subshaders removal was intentional, you may have forgotten turning Fallback off?
WARNING: Shader Unsupported: 'AVProVideo/VR/InsideSphere Unlit Transparent (stereo+color+alpha) - Android OES ONLY' - All subshaders removed
WARNING: Shader Did you use #pragma only_renderers and omit this platform?
WARNING: Shader If subshaders removal was intentional, you may have forgotten turning Fallback off?
WARNING: Shader Unsupported: 'AVProVideo/VR/InsideSphere Unlit (stereo+color) - Android OES ONLY' - All subshaders removed
WARNING: Shader Did you use #pragma only_renderers and omit this platform?
WARNING: Shader If subshaders removal was intentional, you may have forgotten turning Fallback off?
WARNING: Shader Unsupported: 'AVProVideo/VR/InsideSphere Unlit (stereo+color) - Android OES ONLY' - All subshaders removed
WARNING: Shader Did you use #pragma only_renderers and omit this platform?
WARNING: Shader If subshaders removal was intentional, you may have forgotten turning Fallback off?
WARNING: Shader Unsupported: 'AVProVideo/Internal/UI/Transparent Packed (stereo) - AndroidOES' - All subshaders removed
WARNING: Shader Did you use #pragma only_renderers and omit this platform?
WARNING: Shader If subshaders removal was intentional, you may have forgotten turning Fallback off?
WARNING: Shader Unsupported: 'AVProVideo/Internal/UI/Transparent Packed (stereo) - AndroidOES' - All subshaders removed
WARNING: Shader Did you use #pragma only_renderers and omit this platform?
WARNING: Shader If subshaders removal was intentional, you may have forgotten turning Fallback off?
WARNING: Shader Unsupported: 'AVProVideo/Unlit/Opaque (texture+color+stereo support) - Android OES ONLY' - All subshaders removed
WARNING: Shader Did you use #pragma only_renderers and omit this platform?
WARNING: Shader If subshaders removal was intentional, you may have forgotten turning Fallback off?
WARNING: Shader Unsupported: 'AVProVideo/Unlit/Opaque (texture+color+stereo support) - Android OES ONLY' - All subshaders removed
WARNING: Shader Did you use #pragma only_renderers and omit this platform?
WARNING: Shader If subshaders removal was intentional, you may have forgotten turning Fallback off?
WARNING: Shader Unsupported: 'Vuplex/Android Web Shader' - All subshaders removed
WARNING: Shader Did you use #pragma only_renderers and omit this platform?
WARNING: Shader If subshaders removal was intentional, you may have forgotten turning Fallback off?
WARNING: Shader Unsupported: 'Vuplex/Android Web Shader' - All subshaders removed
WARNING: Shader Did you use #pragma only_renderers and omit this platform?
WARNING: Shader If subshaders removal was intentional, you may have forgotten turning Fallback off?
WARNING: Shader Unsupported: 'AVProVideo/Unlit/Transparent (texture+alpha support) - Android OES ONLY' - All subshaders removed
WARNING: Shader Did you use #pragma only_renderers and omit this platform?
WARNING: Shader If subshaders removal was intentional, you may have forgotten turning Fallback off?
WARNING: Shader Unsupported: 'AVProVideo/Unlit/Transparent (texture+alpha support) - Android OES ONLY' - All subshaders removed
WARNING: Shader Did you use #pragma only_renderers and omit this platform?
WARNING: Shader If subshaders removal was intentional, you may have forgotten turning Fallback off?
WARNING: Shader Unsupported: 'AVProVideo/Internal/UI/Stereo - AndroidOES' - All subshaders removed
WARNING: Shader Did you use #pragma only_renderers and omit this platform?
WARNING: Shader If subshaders removal was intentional, you may have forgotten turning Fallback off?
WARNING: Shader Unsupported: 'AVProVideo/Internal/UI/Stereo - AndroidOES' - All subshaders removed
WARNING: Shader Did you use #pragma only_renderers and omit this platform?
WARNING: Shader If subshaders removal was intentional, you may have forgotten turning Fallback off?
Refreshing native plugins compatible for Editor in 6.36 ms, found 3 plugins.
Preloading 0 native plugins for Editor in 0.00 ms.
Unloading 28 Unused Serialized files (Serialized files now loaded: 0)
Unloading 2049 unused Assets / (4.8 MB). Loaded Objects now: 2530.
Memory consumption went from 80.5 MB to 75.7 MB.
Total: 6.357900 ms (FindLiveObjects: 0.281900 ms CreateObjectMapping: 0.128600 ms MarkObjects: 3.522000 ms  DeleteObjects: 2.424600 ms)

Prepare: number of updated asset objects reloaded= 0
========================================================================
Received Import Request.
  Time since last request: 36.436820 seconds.
  path: Assets/AVProVideo/Runtime/Scripts/Components/MediaPlayer_Upgrade.cs
  artifactKey: Guid(2e1421b74b1861b42ba7287d322c2f19) Importer(2089858483,192608db42251d675da83286b1cce702)
Start importing Assets/AVProVideo/Runtime/Scripts/Components/MediaPlayer_Upgrade.cs using Guid(2e1421b74b1861b42ba7287d322c2f19) Importer(2089858483,192608db42251d675da83286b1cce702) (ScriptedImporter) -> (artifact id: 'cc72d15c74e49995197b6088947da669') in 0.0079445 seconds
Number of updated asset objects reloaded before import = 0Number of asset objects unloaded after import = 1

========================================================================
Received Import Request.
  Time since last request: 0.000017 seconds.
  path: Assets/AVProVideo/Demos/Common/MediaPlayerUI/BackingGradient.png
  artifactKey: Guid(e8fa92438398bb240b71be8b23d90df5) Importer(2089858483,192608db42251d675da83286b1cce702)
Start importing Assets/AVProVideo/Demos/Common/MediaPlayerUI/BackingGradient.png using Guid(e8fa92438398bb240b71be8b23d90df5) Importer(2089858483,192608db42251d675da83286b1cce702) (ScriptedImporter) -> (artifact id: 'aeeed9a15768c7ba1e2d1cd992fc0ae6') in 0.0090842 seconds
Number of updated asset objects reloaded before import = 0Number of asset objects unloaded after import = 3

========================================================================
Received Import Request.
  Time since last request: 0.000038 seconds.
  path: Assets/AVProVideo/Runtime/Scripts/Internal/Utils/Subtitles.cs
  artifactKey: Guid(c21f230642ee9284eb9726613241c7bd) Importer(2089858483,192608db42251d675da83286b1cce702)
Start importing Assets/AVProVideo/Runtime/Scripts/Internal/Utils/Subtitles.cs using Guid(c21f230642ee9284eb9726613241c7bd) Importer(2089858483,192608db42251d675da83286b1cce702) (ScriptedImporter) -> (artifact id: 'e144bfa652720e27ef321bb006ec8194') in 0.0046517 seconds
Number of updated asset objects reloaded before import = 0Number of asset objects unloaded after import = 0

========================================================================
Received Import Request.
  Time since last request: 0.000112 seconds.
  path: Assets/AVProVideo/Demos/Common/MediaPlayerUI/VideoTrackLine.prefab
  artifactKey: Guid(580615174d55e5a4585702950fe00bdf) Importer(2089858483,192608db42251d675da83286b1cce702)
Start importing Assets/AVProVideo/Demos/Common/MediaPlayerUI/VideoTrackLine.prefab using Guid(580615174d55e5a4585702950fe00bdf) Importer(2089858483,192608db42251d675da83286b1cce702) (ScriptedImporter) -> (artifact id: 'e66018d7da70a2f5ba58577b15158e59') in 0.0654613 seconds
Number of updated asset objects reloaded before import = 0Number of asset objects unloaded after import = 20

========================================================================
Received Import Request.
  Time since last request: 0.000029 seconds.
  path: Assets/AVProVideo/Editor/Scripts/Components/MediaPlayerEditor_AboutHelp.cs
  artifactKey: Guid(2463176874e32294998504d6b1f2f21c) Importer(2089858483,192608db42251d675da83286b1cce702)
Start importing Assets/AVProVideo/Editor/Scripts/Components/MediaPlayerEditor_AboutHelp.cs using Guid(2463176874e32294998504d6b1f2f21c) Importer(2089858483,192608db42251d675da83286b1cce702) (ScriptedImporter) -> (artifact id: '44d83686f592c94d76393516e56ec011') in 0.0046264 seconds
Number of updated asset objects reloaded before import = 0Number of asset objects unloaded after import = 0

========================================================================
Received Import Request.
  Time since last request: 0.000063 seconds.
  path: Assets/AVProVideo/Demos/Common/MediaPlayerUI/icon_audiotrack.png
  artifactKey: Guid(2a272780ca2eb6341af12e5a5d4edba9) Importer(2089858483,192608db42251d675da83286b1cce702)
Start importing Assets/AVProVideo/Demos/Common/MediaPlayerUI/icon_audiotrack.png using Guid(2a272780ca2eb6341af12e5a5d4edba9) Importer(2089858483,192608db42251d675da83286b1cce702) (ScriptedImporter) -> (artifact id: 'c149a7792943315b1addbc7a32f7ba1d') in 0.0098359 seconds
Number of updated asset objects reloaded before import = 0Number of asset objects unloaded after import = 3

========================================================================
Received Import Request.
  Time since last request: 0.000020 seconds.
  path: Assets/AVProVideo/Editor/Scripts/Components/MediaPlayerEditor_Events.cs
  artifactKey: Guid(191b4e7b3d732b44381d348e9e0dc7ea) Importer(2089858483,192608db42251d675da83286b1cce702)
Start importing Assets/AVProVideo/Editor/Scripts/Components/MediaPlayerEditor_Events.cs using Guid(191b4e7b3d732b44381d348e9e0dc7ea) Importer(2089858483,192608db42251d675da83286b1cce702) (ScriptedImporter) -> (artifact id: '2c1089fa4e0613438d32b8e3423e9298') in 0.0037923 seconds
Number of updated asset objects reloaded before import = 0Number of asset objects unloaded after import = 0

========================================================================
Received Import Request.
  Time since last request: 0.000081 seconds.
  path: Assets/AVProVideo/Demos/Common/MediaPlayerUI/OptionsVideoTrackPage.cs
  artifactKey: Guid(c072fcb24e4faad44a0085d02d6b3520) Importer(2089858483,192608db42251d675da83286b1cce702)
Start importing Assets/AVProVideo/Demos/Common/MediaPlayerUI/OptionsVideoTrackPage.cs using Guid(c072fcb24e4faad44a0085d02d6b3520) Importer(2089858483,192608db42251d675da83286b1cce702) (ScriptedImporter) -> (artifact id: '7f22a682cee7e257e7abb23a6b1dbecb') in 0.0045477 seconds
Number of updated asset objects reloaded before import = 0Number of asset objects unloaded after import = 0

========================================================================
Received Import Request.
  Time since last request: 0.000092 seconds.
  path: Assets/AVProVideo/Runtime/Scripts/Internal/Players/WindowsMediaPlayer_BufferedFrames.cs
  artifactKey: Guid(2b36cc2d6962ce34e86c5a83a0de6d4a) Importer(2089858483,192608db42251d675da83286b1cce702)
Start importing Assets/AVProVideo/Runtime/Scripts/Internal/Players/WindowsMediaPlayer_BufferedFrames.cs using Guid(2b36cc2d6962ce34e86c5a83a0de6d4a) Importer(2089858483,192608db42251d675da83286b1cce702) (ScriptedImporter) -> (artifact id: '062a1b846941e38ae7bd9d25fc56cc22') in 0.0046627 seconds
Number of updated asset objects reloaded before import = 0Number of asset objects unloaded after import = 0

========================================================================
Received Import Request.
  Time since last request: 0.000066 seconds.
  path: Assets/AVProVideo/Runtime/Scripts/Components/ResolveToRenderTexture.cs
  artifactKey: Guid(448e5e4039505584c852da1a7cc5c361) Importer(2089858483,192608db42251d675da83286b1cce702)
Start importing Assets/AVProVideo/Runtime/Scripts/Components/ResolveToRenderTexture.cs using Guid(448e5e4039505584c852da1a7cc5c361) Importer(2089858483,192608db42251d675da83286b1cce702) (ScriptedImporter) -> (artifact id: '534c0b36c78eba291affc3b114e6af1f') in 0.0036284 seconds
Number of updated asset objects reloaded before import = 0Number of asset objects unloaded after import = 1

========================================================================
Received Import Request.
  Time since last request: 0.000014 seconds.
  path: Assets/AVProVideo/Runtime/Plugins/Android/libs/arm64-v8a/libAVProVideo2Native.so
  artifactKey: Guid(16580ba152d1f204a9d04de92628f82e) Importer(2089858483,192608db42251d675da83286b1cce702)
Start importing Assets/AVProVideo/Runtime/Plugins/Android/libs/arm64-v8a/libAVProVideo2Native.so using Guid(16580ba152d1f204a9d04de92628f82e) Importer(2089858483,192608db42251d675da83286b1cce702) (ScriptedImporter) -> (artifact id: '5b3ff8c3086775324c373ce5a3dc8cd3') in 0.0059399 seconds
Number of updated asset objects reloaded before import = 0Number of asset objects unloaded after import = 0

========================================================================
Received Import Request.
  Time since last request: 0.000080 seconds.
  path: Assets/AVProVideo/Runtime/Plugins/Android/libs/x86/libopus.so
  artifactKey: Guid(6570c8aa0c696e944be583378a97496e) Importer(2089858483,192608db42251d675da83286b1cce702)
Start importing Assets/AVProVideo/Runtime/Plugins/Android/libs/x86/libopus.so using Guid(6570c8aa0c696e944be583378a97496e) Importer(2089858483,192608db42251d675da83286b1cce702) (ScriptedImporter) -> (artifact id: '52b73b6c7c35a157c478e91761a90dd5') in 0.0034463 seconds
Number of updated asset objects reloaded before import = 0Number of asset objects unloaded after import = 0

========================================================================
Received Import Request.
  Time since last request: 0.000031 seconds.
  path: Assets/AVProVideo/Runtime/Plugins/Android/libs/x86_64/libAVProVideo2Native.so
  artifactKey: Guid(fef09abc6abbb29398a91d1ccf15475a) Importer(2089858483,192608db42251d675da83286b1cce702)
Start importing Assets/AVProVideo/Runtime/Plugins/Android/libs/x86_64/libAVProVideo2Native.so using Guid(fef09abc6abbb29398a91d1ccf15475a) Importer(2089858483,192608db42251d675da83286b1cce702) (ScriptedImporter) -> (artifact id: '801c70ebb00274dbab206a4201f1c5ee') in 0.0047564 seconds
Number of updated asset objects reloaded before import = 0Number of asset objects unloaded after import = 0

========================================================================
Received Import Request.
  Time since last request: 0.000021 seconds.
  path: Assets/AVProVideo/Runtime/Shaders/Resources/AVProVideo-Internal-ResolveOES.shader
  artifactKey: Guid(7f39a07505493c248b3129e08feb50c4) Importer(2089858483,192608db42251d675da83286b1cce702)
Start importing Assets/AVProVideo/Runtime/Shaders/Resources/AVProVideo-Internal-ResolveOES.shader using Guid(7f39a07505493c248b3129e08feb50c4) Importer(2089858483,192608db42251d675da83286b1cce702) (ScriptedImporter) -> (artifact id: '6267c20023c88731cef68855d119ec3e') in 0.0070468 seconds
Number of updated asset objects reloaded before import = 0Number of asset objects unloaded after import = 1

========================================================================
Received Import Request.
  Time since last request: 0.000014 seconds.
  path: Assets/AVProVideo/Editor/Scripts/Components/MediaPlayerEditor_Global.cs
  artifactKey: Guid(43f33634e709c224aa295751513f8f63) Importer(2089858483,192608db42251d675da83286b1cce702)
Start importing Assets/AVProVideo/Editor/Scripts/Components/MediaPlayerEditor_Global.cs using Guid(43f33634e709c224aa295751513f8f63) Importer(2089858483,192608db42251d675da83286b1cce702) (ScriptedImporter) -> (artifact id: '0a3236c9ab20ceb9ca4290e4345e9e9c') in 0.0038597 seconds
Number of updated asset objects reloaded before import = 0Number of asset objects unloaded after import = 0

========================================================================
Received Import Request.
  Time since last request: 0.000079 seconds.
  path: Assets/AVProVideo/Extensions/VideoPlayer/Shaders/AVProVideo-ApplyToFarPlane.shader
  artifactKey: Guid(d7a0d37aa7b09cb418a93251d226558a) Importer(2089858483,192608db42251d675da83286b1cce702)
Start importing Assets/AVProVideo/Extensions/VideoPlayer/Shaders/AVProVideo-ApplyToFarPlane.shader using Guid(d7a0d37aa7b09cb418a93251d226558a) Importer(2089858483,192608db42251d675da83286b1cce702) (ScriptedImporter) -> (artifact id: '5ac710df3d8acbcf1baebce5b8263c4c') in 0.0042675 seconds
Number of updated asset objects reloaded before import = 0Number of asset objects unloaded after import = 1

========================================================================
Received Import Request.
  Time since last request: 0.000073 seconds.
  path: Assets/AVProVideo/Runtime/Scripts/Internal/Utils/HttpHeader.cs
  artifactKey: Guid(2cfc6f8c038acdf4a9b384e8cb5e9cb2) Importer(2089858483,192608db42251d675da83286b1cce702)
Start importing Assets/AVProVideo/Runtime/Scripts/Internal/Utils/HttpHeader.cs using Guid(2cfc6f8c038acdf4a9b384e8cb5e9cb2) Importer(2089858483,192608db42251d675da83286b1cce702) (ScriptedImporter) -> (artifact id: '4239536320234291bbcce813807b45ca') in 0.003356 seconds
Number of updated asset objects reloaded before import = 0Number of asset objects unloaded after import = 0

========================================================================
Received Import Request.
  Time since last request: 0.000078 seconds.
  path: Assets/AVProVideo/Demos/Common/MediaPlayerUI/icon_quality.png
  artifactKey: Guid(15556c830d104cd4e899e3f40285d0f1) Importer(2089858483,192608db42251d675da83286b1cce702)
Start importing Assets/AVProVideo/Demos/Common/MediaPlayerUI/icon_quality.png using Guid(15556c830d104cd4e899e3f40285d0f1) Importer(2089858483,192608db42251d675da83286b1cce702) (ScriptedImporter) -> (artifact id: '4169ece8e331e169bbf10db78cd1def9') in 0.0071303 seconds
Number of updated asset objects reloaded before import = 0Number of asset objects unloaded after import = 3

========================================================================
Received Import Request.
  Time since last request: 0.000027 seconds.
  path: Assets/AVProVideo/Editor/Scripts/Components/MediaPlayerEditor_Source.cs
  artifactKey: Guid(d48dbd69cf9694e439fa465103879d35) Importer(2089858483,192608db42251d675da83286b1cce702)
Start importing Assets/AVProVideo/Editor/Scripts/Components/MediaPlayerEditor_Source.cs using Guid(d48dbd69cf9694e439fa465103879d35) Importer(2089858483,192608db42251d675da83286b1cce702) (ScriptedImporter) -> (artifact id: '03cf6d3f24e592d931c5d7a34810cc5b') in 0.004841 seconds
Number of updated asset objects reloaded before import = 0Number of asset objects unloaded after import = 0

========================================================================
Received Import Request.
  Time since last request: 0.000067 seconds.
  path: Assets/AVProVideo/Extensions/VideoPlayer/Editor/_AVProVideo.Extensions.VideoPlayer.Editor.asmdef
  artifactKey: Guid(7f8bc0448be4d1a429da6d5434966567) Importer(2089858483,192608db42251d675da83286b1cce702)
Start importing Assets/AVProVideo/Extensions/VideoPlayer/Editor/_AVProVideo.Extensions.VideoPlayer.Editor.asmdef using Guid(7f8bc0448be4d1a429da6d5434966567) Importer(2089858483,192608db42251d675da83286b1cce702) (ScriptedImporter) -> (artifact id: '9538dd091b1561a911e977b6ba53b7ce') in 0.0040569 seconds
Number of updated asset objects reloaded before import = 0Number of asset objects unloaded after import = 1

========================================================================
Received Import Request.
  Time since last request: 0.000058 seconds.
  path: Assets/AVProVideo/Runtime/Shaders/Resources/AVProVideo-Internal-UI-Default-Transparent-Android OES.shader
  artifactKey: Guid(f35019bbb2560394aac63e40e1d98da7) Importer(2089858483,192608db42251d675da83286b1cce702)
Start importing Assets/AVProVideo/Runtime/Shaders/Resources/AVProVideo-Internal-UI-Default-Transparent-Android OES.shader using Guid(f35019bbb2560394aac63e40e1d98da7) Importer(2089858483,192608db42251d675da83286b1cce702) (ScriptedImporter) -> (artifact id: 'a0e2b7117c97fbe5557c2035b2852823') in 0.0055902 seconds
Number of updated asset objects reloaded before import = 0Number of asset objects unloaded after import = 2

========================================================================
Received Import Request.
  Time since last request: 0.000013 seconds.
  path: Assets/AVProVideo/Runtime/Plugins/Android/libs/x86_64/libopus.so
  artifactKey: Guid(6570c8bf0c696e123be583378a97496e) Importer(2089858483,192608db42251d675da83286b1cce702)
Start importing Assets/AVProVideo/Runtime/Plugins/Android/libs/x86_64/libopus.so using Guid(6570c8bf0c696e123be583378a97496e) Importer(2089858483,192608db42251d675da83286b1cce702) (ScriptedImporter) -> (artifact id: '2457f95f6c92d418908fe633da4bc7a9') in 0.0175318 seconds
Number of updated asset objects reloaded before import = 0Number of asset objects unloaded after import = 0

========================================================================
Received Import Request.
  Time since last request: 0.000104 seconds.
  path: Assets/AVProVideo/Demos/Common/MediaPlayerUI/QualityLine.prefab
  artifactKey: Guid(8e26a452def4cad4596d16052c72219e) Importer(2089858483,192608db42251d675da83286b1cce702)
Start importing Assets/AVProVideo/Demos/Common/MediaPlayerUI/QualityLine.prefab using Guid(8e26a452def4cad4596d16052c72219e) Importer(2089858483,192608db42251d675da83286b1cce702) (ScriptedImporter) -> (artifact id: 'a0e385db0cce131614fe8bcb3266eed9') in 0.0346756 seconds
Number of updated asset objects reloaded before import = 0Number of asset objects unloaded after import = 20

========================================================================
Received Import Request.
  Time since last request: 0.369186 seconds.
  path: Assets/AVProVideo/Runtime/Plugins/WSA/UWP/ARM64/AVProVideo.dll
  artifactKey: Guid(60594004122890048a42c162b1715315) Importer(2089858483,192608db42251d675da83286b1cce702)
Start importing Assets/AVProVideo/Runtime/Plugins/WSA/UWP/ARM64/AVProVideo.dll using Guid(60594004122890048a42c162b1715315) Importer(2089858483,192608db42251d675da83286b1cce702) (ScriptedImporter) -> (artifact id: 'e860fa5151eb903bbb35cb9a50cba77d') in 0.0071229 seconds
Number of updated asset objects reloaded before import = 0Number of asset objects unloaded after import = 0

========================================================================
Received Import Request.
  Time since last request: 0.000074 seconds.
  path: Assets/Vuplex/WebView/Core/Scripts/IWithPointerDownAndUp.cs
  artifactKey: Guid(6f6ff3bd29c3b4d8c9cdfd789dfe0d64) Importer(2089858483,192608db42251d675da83286b1cce702)
Start importing Assets/Vuplex/WebView/Core/Scripts/IWithPointerDownAndUp.cs using Guid(6f6ff3bd29c3b4d8c9cdfd789dfe0d64) Importer(2089858483,192608db42251d675da83286b1cce702) (ScriptedImporter) -> (artifact id: '96515f0cc7896a6fdc3d9b46e1359adb') in 0.0036608 seconds
Number of updated asset objects reloaded before import = 0Number of asset objects unloaded after import = 0

========================================================================
Received Import Request.
  Time since last request: 0.000023 seconds.
  path: Assets/Vuplex/WebView/Core/Scripts/IWithFind.cs
  artifactKey: Guid(ccd531e8e50d94b10a5863e2bb1a7d81) Importer(2089858483,192608db42251d675da83286b1cce702)
Start importing Assets/Vuplex/WebView/Core/Scripts/IWithFind.cs using Guid(ccd531e8e50d94b10a5863e2bb1a7d81) Importer(2089858483,192608db42251d675da83286b1cce702) (ScriptedImporter) -> (artifact id: 'c02cfc386dff740353a09459c12b7172') in 0.0056482 seconds
Number of updated asset objects reloaded before import = 0Number of asset objects unloaded after import = 0

========================================================================
Received Import Request.
  Time since last request: 0.000021 seconds.
  path: Assets/Vuplex/WebView/Core/Scripts/IWithCursorType.cs
  artifactKey: Guid(24298707a2e3d43d899bc2da7c087d53) Importer(2089858483,192608db42251d675da83286b1cce702)
Start importing Assets/Vuplex/WebView/Core/Scripts/IWithCursorType.cs using Guid(24298707a2e3d43d899bc2da7c087d53) Importer(2089858483,192608db42251d675da83286b1cce702) (ScriptedImporter) -> (artifact id: 'e7fd5bff95d03006d5d30fbd88b74913') in 0.0056599 seconds
Number of updated asset objects reloaded before import = 0Number of asset objects unloaded after import = 0

========================================================================
Received Import Request.
  Time since last request: 0.000027 seconds.
  path: Assets/Vuplex/WebView/Core/Scripts/Internal/CanvasViewportMaterialView.cs
  artifactKey: Guid(5494d9d7c39544539adab71793f4a16a) Importer(2089858483,192608db42251d675da83286b1cce702)
Start importing Assets/Vuplex/WebView/Core/Scripts/Internal/CanvasViewportMaterialView.cs using Guid(5494d9d7c39544539adab71793f4a16a) Importer(2089858483,192608db42251d675da83286b1cce702) (ScriptedImporter) -> (artifact id: '309aac4652a2d45b8c7a1fbc87872db4') in 0.0061769 seconds
Number of updated asset objects reloaded before import = 0Number of asset objects unloaded after import = 0

========================================================================
Received Import Request.
  Time since last request: 0.000126 seconds.
  path: Assets/Vuplex/WebView/Core/Scripts/BaseKeyboard.cs
  artifactKey: Guid(788d71bb8b006463bb656f92b1874908) Importer(2089858483,192608db42251d675da83286b1cce702)
Start importing Assets/Vuplex/WebView/Core/Scripts/BaseKeyboard.cs using Guid(788d71bb8b006463bb656f92b1874908) Importer(2089858483,192608db42251d675da83286b1cce702) (ScriptedImporter) -> (artifact id: '9f588fa0e526945a736cdd70ffbe1cf8') in 0.0041767 seconds
Number of updated asset objects reloaded before import = 0Number of asset objects unloaded after import = 0

========================================================================
Received Import Request.
  Time since last request: 0.000035 seconds.
  path: Assets/Vuplex/WebView/Core/Prefabs/Resources/CanvasWebViewPrefab.prefab
  artifactKey: Guid(3e10f3b6a733e441c8352020cff2f1f6) Importer(2089858483,192608db42251d675da83286b1cce702)
Start importing Assets/Vuplex/WebView/Core/Prefabs/Resources/CanvasWebViewPrefab.prefab using Guid(3e10f3b6a733e441c8352020cff2f1f6) Importer(2089858483,192608db42251d675da83286b1cce702) (ScriptedImporter) -> (artifact id: '502f435360c3977fa48897ab3d4ef5c4') in 0.0128382 seconds
Number of updated asset objects reloaded before import = 0Number of asset objects unloaded after import = 18

========================================================================
Received Import Request.
  Time since last request: 0.000019 seconds.
  path: Assets/Vuplex/WebView/Core/Editor/Scripts/BaseWebViewPrefabInspector.cs
  artifactKey: Guid(12235521ed9354bd29154cb73f4a7c9d) Importer(2089858483,192608db42251d675da83286b1cce702)
Start importing Assets/Vuplex/WebView/Core/Editor/Scripts/BaseWebViewPrefabInspector.cs using Guid(12235521ed9354bd29154cb73f4a7c9d) Importer(2089858483,192608db42251d675da83286b1cce702) (ScriptedImporter) -> (artifact id: '517f618d37cd1071f3144bca5dc25a69') in 0.0030961 seconds
Number of updated asset objects reloaded before import = 0Number of asset objects unloaded after import = 0

========================================================================
Received Import Request.
  Time since last request: 0.000022 seconds.
  path: Assets/Vuplex/WebView/Core/Scripts/TerminatedEventArgs.cs
  artifactKey: Guid(641e4d648079b44539a78ab6a02abbfd) Importer(2089858483,192608db42251d675da83286b1cce702)
Start importing Assets/Vuplex/WebView/Core/Scripts/TerminatedEventArgs.cs using Guid(641e4d648079b44539a78ab6a02abbfd) Importer(2089858483,192608db42251d675da83286b1cce702) (ScriptedImporter) -> (artifact id: 'c3ce6ec0262016c887ab9cd97ae6a494') in 0.0034005 seconds
Number of updated asset objects reloaded before import = 0Number of asset objects unloaded after import = 0

========================================================================
Received Import Request.
  Time since last request: 0.000063 seconds.
  path: Assets/AVProVideo/Runtime/Plugins/WSA/UWP/x86_64/Audio360.dll
  artifactKey: Guid(9b25c194f2b9d8d48a0cd13422c0fbe9) Importer(2089858483,192608db42251d675da83286b1cce702)
Start importing Assets/AVProVideo/Runtime/Plugins/WSA/UWP/x86_64/Audio360.dll using Guid(9b25c194f2b9d8d48a0cd13422c0fbe9) Importer(2089858483,192608db42251d675da83286b1cce702) (ScriptedImporter) -> (artifact id: 'b8e85c76181982a9e9ea76d79ae841e0') in 0.0042751 seconds
Number of updated asset objects reloaded before import = 0Number of asset objects unloaded after import = 0

========================================================================
Received Import Request.
  Time since last request: 0.000052 seconds.
  path: Assets/Vuplex/WebView/Core/Scripts/IWithMovablePointer.cs
  artifactKey: Guid(322c4ad1c25c644119b1b2f45318684f) Importer(2089858483,192608db42251d675da83286b1cce702)
Start importing Assets/Vuplex/WebView/Core/Scripts/IWithMovablePointer.cs using Guid(322c4ad1c25c644119b1b2f45318684f) Importer(2089858483,192608db42251d675da83286b1cce702) (ScriptedImporter) -> (artifact id: 'a3f19aeaea5feb2e29d262cf5499a4bd') in 0.0033898 seconds
Number of updated asset objects reloaded before import = 0Number of asset objects unloaded after import = 0

========================================================================
Received Import Request.
  Time since last request: 0.000052 seconds.
  path: Assets/Vuplex/WebView/Core/Materials/Resources/AppleWebMaterial.mat
  artifactKey: Guid(900c52203be2f403587d07144d3617a5) Importer(2089858483,192608db42251d675da83286b1cce702)
Start importing Assets/Vuplex/WebView/Core/Materials/Resources/AppleWebMaterial.mat using Guid(900c52203be2f403587d07144d3617a5) Importer(2089858483,192608db42251d675da83286b1cce702) (ScriptedImporter) -> (artifact id: 'ff956b62bc913ffda4e7e9cbc798dbc1') in 0.0154278 seconds
Number of updated asset objects reloaded before import = 0Number of asset objects unloaded after import = 1

========================================================================
Received Import Request.
  Time since last request: 0.000024 seconds.
  path: Assets/Vuplex/WebView/Core/Scripts/IWithFileSelection.cs
  artifactKey: Guid(ec25cc1dcd75c41c9afc9b2fe7036618) Importer(2089858483,192608db42251d675da83286b1cce702)
Start importing Assets/Vuplex/WebView/Core/Scripts/IWithFileSelection.cs using Guid(ec25cc1dcd75c41c9afc9b2fe7036618) Importer(2089858483,192608db42251d675da83286b1cce702) (ScriptedImporter) -> (artifact id: '23aae3bc0d6d75f3b3eb012d38da4dc3') in 0.0054038 seconds
Number of updated asset objects reloaded before import = 0Number of asset objects unloaded after import = 0

========================================================================
Received Import Request.
  Time since last request: 0.000026 seconds.
  path: Assets/Vuplex/WebView/Core/Scripts/Web.cs
  artifactKey: Guid(66f192aa34c9348f3914c64c8f99a524) Importer(2089858483,192608db42251d675da83286b1cce702)
Start importing Assets/Vuplex/WebView/Core/Scripts/Web.cs using Guid(66f192aa34c9348f3914c64c8f99a524) Importer(2089858483,192608db42251d675da83286b1cce702) (ScriptedImporter) -> (artifact id: '30fed22501c297ac1f7c9e5513c7559a') in 0.0046562 seconds
Number of updated asset objects reloaded before import = 0Number of asset objects unloaded after import = 0

========================================================================
Received Import Request.
  Time since last request: 0.000047 seconds.
  path: Assets/Vuplex/WebView/Core/Scripts/IWithNativeJavaScriptDialogs.cs
  artifactKey: Guid(3f8e32230c29c41e09e9897cac225b48) Importer(2089858483,192608db42251d675da83286b1cce702)
Start importing Assets/Vuplex/WebView/Core/Scripts/IWithNativeJavaScriptDialogs.cs using Guid(3f8e32230c29c41e09e9897cac225b48) Importer(2089858483,192608db42251d675da83286b1cce702) (ScriptedImporter) -> (artifact id: '74b609072eb5bcad415a4985d1aa7fae') in 0.0051177 seconds
Number of updated asset objects reloaded before import = 0Number of asset objects unloaded after import = 0

========================================================================
Received Import Request.
  Time since last request: 0.000069 seconds.
  path: Assets/Vuplex/WebView/Core/Scripts/MouseButton.cs
  artifactKey: Guid(0d98234b33bae44dc840ab288d600e5e) Importer(2089858483,192608db42251d675da83286b1cce702)
Start importing Assets/Vuplex/WebView/Core/Scripts/MouseButton.cs using Guid(0d98234b33bae44dc840ab288d600e5e) Importer(2089858483,192608db42251d675da83286b1cce702) (ScriptedImporter) -> (artifact id: '727d2a7ec8084ea9fa0aa4e490ebaa8b') in 0.0042597 seconds
Number of updated asset objects reloaded before import = 0Number of asset objects unloaded after import = 0

========================================================================
Received Import Request.
  Time since last request: 0.000075 seconds.
  path: Assets/Vuplex/WebView/Core/Shaders/DefaultWebShader.shader
  artifactKey: Guid(4e653f72759f94e82b22355692823efe) Importer(2089858483,192608db42251d675da83286b1cce702)
Start importing Assets/Vuplex/WebView/Core/Shaders/DefaultWebShader.shader using Guid(4e653f72759f94e82b22355692823efe) Importer(2089858483,192608db42251d675da83286b1cce702) (ScriptedImporter) -> (artifact id: 'd522dfe9c41acc1c98fd1eca120d6ce7') in 0.0040637 seconds
Number of updated asset objects reloaded before import = 0Number of asset objects unloaded after import = 1

========================================================================
Received Import Request.
  Time since last request: 0.000124 seconds.
  path: Assets/Vuplex/WebView/Core/Scripts/EventArgs.cs
  artifactKey: Guid(4e7ac5abaf9484dd98eeb848895e34b7) Importer(2089858483,192608db42251d675da83286b1cce702)
Start importing Assets/Vuplex/WebView/Core/Scripts/EventArgs.cs using Guid(4e7ac5abaf9484dd98eeb848895e34b7) Importer(2089858483,192608db42251d675da83286b1cce702) (ScriptedImporter) -> (artifact id: 'b19b92918dc19b105257f3d45d601d96') in 0.0039976 seconds
Number of updated asset objects reloaded before import = 0Number of asset objects unloaded after import = 0

========================================================================
Received Import Request.
  Time since last request: 0.000050 seconds.
  path: Assets/Vuplex/WebView/Core/Plugins/Editor/OldWebViewDirectoryDeleter.cs
  artifactKey: Guid(28cf2cac9522d4214b26b3627f49f164) Importer(2089858483,192608db42251d675da83286b1cce702)
Start importing Assets/Vuplex/WebView/Core/Plugins/Editor/OldWebViewDirectoryDeleter.cs using Guid(28cf2cac9522d4214b26b3627f49f164) Importer(2089858483,192608db42251d675da83286b1cce702) (ScriptedImporter) -> (artifact id: '6209396a59464ba8702525bcaab3a118') in 0.0041712 seconds
Number of updated asset objects reloaded before import = 0Number of asset objects unloaded after import = 0

========================================================================
Received Import Request.
  Time since last request: 0.000069 seconds.
  path: Assets/Vuplex/WebView/Core/Scripts/ConsoleMessageLevel.cs
  artifactKey: Guid(46d435c1d5797420b83db35ed40f7526) Importer(2089858483,192608db42251d675da83286b1cce702)
Start importing Assets/Vuplex/WebView/Core/Scripts/ConsoleMessageLevel.cs using Guid(46d435c1d5797420b83db35ed40f7526) Importer(2089858483,192608db42251d675da83286b1cce702) (ScriptedImporter) -> (artifact id: '3cd9d99291298e21e8e52168855cbd8c') in 0.0040102 seconds
Number of updated asset objects reloaded before import = 0Number of asset objects unloaded after import = 0

========================================================================
Received Import Request.
  Time since last request: 0.000054 seconds.
  path: Assets/Vuplex/WebView/Core/Scripts/UrlActionType.cs
  artifactKey: Guid(754c76099d4424ec3a40e03dcb0d93e9) Importer(2089858483,192608db42251d675da83286b1cce702)
Start importing Assets/Vuplex/WebView/Core/Scripts/UrlActionType.cs using Guid(754c76099d4424ec3a40e03dcb0d93e9) Importer(2089858483,192608db42251d675da83286b1cce702) (ScriptedImporter) -> (artifact id: '6fda93b700b51e84089678c0e258f05d') in 0.0034565 seconds
Number of updated asset objects reloaded before import = 0Number of asset objects unloaded after import = 0

========================================================================
Received Import Request.
  Time since last request: 0.000070 seconds.
  path: Assets/Vuplex/WebView/Core/Scripts/Internal/AndroidConsumer.cs
  artifactKey: Guid(7715c6d651d8d4221b5bc05652e3add0) Importer(2089858483,192608db42251d675da83286b1cce702)
Start importing Assets/Vuplex/WebView/Core/Scripts/Internal/AndroidConsumer.cs using Guid(7715c6d651d8d4221b5bc05652e3add0) Importer(2089858483,192608db42251d675da83286b1cce702) (ScriptedImporter) -> (artifact id: 'de72e1984a05c4458923c35e8a917026') in 0.0030272 seconds
Number of updated asset objects reloaded before import = 0Number of asset objects unloaded after import = 0

========================================================================
Received Import Request.
  Time since last request: 0.000089 seconds.
  path: Assets/Vuplex/WebView/Demos/Scenes/1_SimpleWebViewDemo.unity
  artifactKey: Guid(10cf299739e784ee794fdc27cb3415bf) Importer(2089858483,192608db42251d675da83286b1cce702)
Start importing Assets/Vuplex/WebView/Demos/Scenes/1_SimpleWebViewDemo.unity using Guid(10cf299739e784ee794fdc27cb3415bf) Importer(2089858483,192608db42251d675da83286b1cce702) (ScriptedImporter) -> (artifact id: '74fec2adf501a877598eac81aca24071') in 0.0048761 seconds
Number of updated asset objects reloaded before import = 0Number of asset objects unloaded after import = 1

========================================================================
Received Import Request.
  Time since last request: 0.374933 seconds.
  path: Assets/Vuplex/WebView/Core/Scripts/Internal/FileSelectionMessage.cs
  artifactKey: Guid(83e54c0e202b64c5f8e52ef8209eb41f) Importer(2089858483,192608db42251d675da83286b1cce702)
Start importing Assets/Vuplex/WebView/Core/Scripts/Internal/FileSelectionMessage.cs using Guid(83e54c0e202b64c5f8e52ef8209eb41f) Importer(2089858483,192608db42251d675da83286b1cce702) (ScriptedImporter) -> (artifact id: '211a950734d045a74390a5b97b3375d3') in 0.0168708 seconds
Number of updated asset objects reloaded before import = 0Number of asset objects unloaded after import = 0

========================================================================
Received Import Request.
  Time since last request: 0.000074 seconds.
  path: Assets/Vuplex/WebView/Documentation/static/media/account.5ac4a16a.svg
  artifactKey: Guid(7ebb59495505e44bfa6f1eb31d2d7930) Importer(2089858483,192608db42251d675da83286b1cce702)
Start importing Assets/Vuplex/WebView/Documentation/static/media/account.5ac4a16a.svg using Guid(7ebb59495505e44bfa6f1eb31d2d7930) Importer(2089858483,192608db42251d675da83286b1cce702) (ScriptedImporter) -> (artifact id: '545c64fed1dd2b66f01b6dfbfd1c10ca') in 0.008524 seconds
Number of updated asset objects reloaded before import = 0Number of asset objects unloaded after import = 1

========================================================================
Received Import Request.
  Time since last request: 0.000071 seconds.
  path: Assets/Vuplex/WebView/Standalone/Windows/Plugins/VuplexWebViewChromium/locales/zh-TW.pak
  artifactKey: Guid(20a816ec673bb2548b43524a059cbb80) Importer(2089858483,192608db42251d675da83286b1cce702)
Start importing Assets/Vuplex/WebView/Standalone/Windows/Plugins/VuplexWebViewChromium/locales/zh-TW.pak using Guid(20a816ec673bb2548b43524a059cbb80) Importer(2089858483,192608db42251d675da83286b1cce702) (ScriptedImporter) -> (artifact id: '44ca922c61f265df18121914ff961ccc') in 0.0118396 seconds
Number of updated asset objects reloaded before import = 0Number of asset objects unloaded after import = 1

========================================================================
Received Import Request.
  Time since last request: 0.000062 seconds.
  path: Assets/Vuplex/WebView/Standalone/Windows/Plugins/VuplexWebViewChromium/locales/ko.pak
  artifactKey: Guid(8caacd23b4ab5b444bcd85f221d49821) Importer(2089858483,192608db42251d675da83286b1cce702)
Start importing Assets/Vuplex/WebView/Standalone/Windows/Plugins/VuplexWebViewChromium/locales/ko.pak using Guid(8caacd23b4ab5b444bcd85f221d49821) Importer(2089858483,192608db42251d675da83286b1cce702) (ScriptedImporter) -> (artifact id: '06abbba4d0900a35987bcb7dac4c1040') in 0.0156942 seconds
Number of updated asset objects reloaded before import = 0Number of asset objects unloaded after import = 1

========================================================================
Received Import Request.
  Time since last request: 0.000060 seconds.
  path: Assets/Vuplex/WebView/Standalone/Windows/Plugins/VuplexWebViewChromium/locales/lv.pak
  artifactKey: Guid(f430803d7dd2eb748b93f3782171ab20) Importer(2089858483,192608db42251d675da83286b1cce702)
Start importing Assets/Vuplex/WebView/Standalone/Windows/Plugins/VuplexWebViewChromium/locales/lv.pak using Guid(f430803d7dd2eb748b93f3782171ab20) Importer(2089858483,192608db42251d675da83286b1cce702) (ScriptedImporter) -> (artifact id: '3179d6cd17216393667707edeeb98953') in 0.0057335 seconds
Number of updated asset objects reloaded before import = 0Number of asset objects unloaded after import = 1

========================================================================
Received Import Request.
  Time since last request: 0.000031 seconds.
  path: Assets/Vuplex/WebView/Documentation/static/media/windows.fcc2f76f.svg
  artifactKey: Guid(51298fdfdadb544909a6331abc1c4c31) Importer(2089858483,192608db42251d675da83286b1cce702)
Start importing Assets/Vuplex/WebView/Documentation/static/media/windows.fcc2f76f.svg using Guid(51298fdfdadb544909a6331abc1c4c31) Importer(2089858483,192608db42251d675da83286b1cce702) (ScriptedImporter) -> (artifact id: 'e60b57566a5f3541b978ebdd5e774a5d') in 0.0049861 seconds
Number of updated asset objects reloaded before import = 0Number of asset objects unloaded after import = 1

========================================================================
Received Import Request.
  Time since last request: 0.000053 seconds.
  path: Assets/Vuplex/WebView/Standalone/Mac/Scripts/MacWebView.cs
  artifactKey: Guid(7cf0bbac3ae924de1bc74294e6b83244) Importer(2089858483,192608db42251d675da83286b1cce702)
Start importing Assets/Vuplex/WebView/Standalone/Mac/Scripts/MacWebView.cs using Guid(7cf0bbac3ae924de1bc74294e6b83244) Importer(2089858483,192608db42251d675da83286b1cce702) (ScriptedImporter) -> (artifact id: '430d180a57df062c9a205e5a1a3a3cc9') in 0.0096554 seconds
Number of updated asset objects reloaded before import = 0Number of asset objects unloaded after import = 0

========================================================================
Received Import Request.
  Time since last request: 0.000051 seconds.
  path: Assets/Vuplex/WebView/Standalone/Windows/Plugins/VuplexWebViewChromium/locales/hi.pak
  artifactKey: Guid(afa07c0b1558d5444b6cada7c8da39ae) Importer(2089858483,192608db42251d675da83286b1cce702)
Start importing Assets/Vuplex/WebView/Standalone/Windows/Plugins/VuplexWebViewChromium/locales/hi.pak using Guid(afa07c0b1558d5444b6cada7c8da39ae) Importer(2089858483,192608db42251d675da83286b1cce702) (ScriptedImporter) -> (artifact id: '7c3fdb1c1f84bfca5a7debf88cb5307f') in 0.0148012 seconds
Number of updated asset objects reloaded before import = 0Number of asset objects unloaded after import = 1

========================================================================
Received Import Request.
  Time since last request: 0.000054 seconds.
  path: Assets/Vuplex/WebView/Standalone/Windows/Plugins/VuplexWebViewChromium/locales/nb.pak
  artifactKey: Guid(598d0b20382d7274fb3a077cc4f426f7) Importer(2089858483,192608db42251d675da83286b1cce702)
Start importing Assets/Vuplex/WebView/Standalone/Windows/Plugins/VuplexWebViewChromium/locales/nb.pak using Guid(598d0b20382d7274fb3a077cc4f426f7) Importer(2089858483,192608db42251d675da83286b1cce702) (ScriptedImporter) -> (artifact id: 'a89aa16604c7f809c7f866b01bd675f5') in 0.0078685 seconds
Number of updated asset objects reloaded before import = 0Number of asset objects unloaded after import = 1

========================================================================
Received Import Request.
  Time since last request: 0.000038 seconds.
  path: Assets/Vuplex/WebView/Standalone/Windows/Plugins/VuplexWebViewChromium/locales/it.pak
  artifactKey: Guid(d13674a60cd31184785bd0646bf69276) Importer(2089858483,192608db42251d675da83286b1cce702)
Start importing Assets/Vuplex/WebView/Standalone/Windows/Plugins/VuplexWebViewChromium/locales/it.pak using Guid(d13674a60cd31184785bd0646bf69276) Importer(2089858483,192608db42251d675da83286b1cce702) (ScriptedImporter) -> (artifact id: '9bbee9e07deb7a0aeab4b84e7450cd1c') in 0.0047463 seconds
Number of updated asset objects reloaded before import = 0Number of asset objects unloaded after import = 1

========================================================================
Received Import Request.
  Time since last request: 0.000076 seconds.
  path: Assets/Vuplex/WebView/Standalone/Windows/Plugins/VuplexWebViewChromium/locales/en-GB.pak
  artifactKey: Guid(7b341df0801e53f4d9c4b95e65e68ed1) Importer(2089858483,192608db42251d675da83286b1cce702)
Start importing Assets/Vuplex/WebView/Standalone/Windows/Plugins/VuplexWebViewChromium/locales/en-GB.pak using Guid(7b341df0801e53f4d9c4b95e65e68ed1) Importer(2089858483,192608db42251d675da83286b1cce702) (ScriptedImporter) -> (artifact id: '61d6773dd62826a4ab95862f96f1b08f') in 0.0046287 seconds
Number of updated asset objects reloaded before import = 0Number of asset objects unloaded after import = 1

========================================================================
Received Import Request.
  Time since last request: 0.000036 seconds.
  path: Assets/Vuplex/WebView/Standalone/Windows/Plugins/VuplexWebViewChromium/locales/hu.pak
  artifactKey: Guid(508551390f2c5384ab4efb1cb00732a6) Importer(2089858483,192608db42251d675da83286b1cce702)
Start importing Assets/Vuplex/WebView/Standalone/Windows/Plugins/VuplexWebViewChromium/locales/hu.pak using Guid(508551390f2c5384ab4efb1cb00732a6) Importer(2089858483,192608db42251d675da83286b1cce702) (ScriptedImporter) -> (artifact id: 'e5c4e4ba7514f910704de6392ba889cd') in 0.0136869 seconds
Number of updated asset objects reloaded before import = 0Number of asset objects unloaded after import = 1

========================================================================
Received Import Request.
  Time since last request: 0.000054 seconds.
  path: Assets/Vuplex/WebView/Documentation/static/js/runtime~main.4a686d48.jsm
  artifactKey: Guid(b7e2c1480814b4177bafeeb1ec3faf92) Importer(2089858483,192608db42251d675da83286b1cce702)
Start importing Assets/Vuplex/WebView/Documentation/static/js/runtime~main.4a686d48.jsm using Guid(b7e2c1480814b4177bafeeb1ec3faf92) Importer(2089858483,192608db42251d675da83286b1cce702) (ScriptedImporter) -> (artifact id: '268e439b6e73c0ea3e7bd2a59fa56a8d') in 0.0121944 seconds
Number of updated asset objects reloaded before import = 0Number of asset objects unloaded after import = 1

========================================================================
Received Import Request.
  Time since last request: 0.000024 seconds.
  path: Assets/Vuplex/WebView/Standalone/Windows/Plugins/VuplexWebViewChromium/locales/sw.pak
  artifactKey: Guid(11572ca4d3514d248a2bc779a1c600bf) Importer(2089858483,192608db42251d675da83286b1cce702)
Start importing Assets/Vuplex/WebView/Standalone/Windows/Plugins/VuplexWebViewChromium/locales/sw.pak using Guid(11572ca4d3514d248a2bc779a1c600bf) Importer(2089858483,192608db42251d675da83286b1cce702) (ScriptedImporter) -> (artifact id: 'da9881fdeb2ff9909c372722acfaa729') in 0.0043299 seconds
Number of updated asset objects reloaded before import = 0Number of asset objects unloaded after import = 1

========================================================================
Received Import Request.
  Time since last request: 0.000028 seconds.
  path: Assets/Vuplex/WebView/Core/Scripts/Internal/StringWithIdBridgeMessage.cs
  artifactKey: Guid(cb069b5854e96eb429bf09e43311912f) Importer(2089858483,192608db42251d675da83286b1cce702)
Start importing Assets/Vuplex/WebView/Core/Scripts/Internal/StringWithIdBridgeMessage.cs using Guid(cb069b5854e96eb429bf09e43311912f) Importer(2089858483,192608db42251d675da83286b1cce702) (ScriptedImporter) -> (artifact id: 'cf0ab38c068e5d860e6bb9acb7ae6201') in 0.00582 seconds
Number of updated asset objects reloaded before import = 0Number of asset objects unloaded after import = 0

========================================================================
Received Import Request.
  Time since last request: 0.000092 seconds.
  path: Assets/Vuplex/WebView/Standalone/Windows/Plugins/VuplexWebViewChromium/locales/da.pak
  artifactKey: Guid(6b39c80f78dcf624cbaea9a84ee0f035) Importer(2089858483,192608db42251d675da83286b1cce702)
Start importing Assets/Vuplex/WebView/Standalone/Windows/Plugins/VuplexWebViewChromium/locales/da.pak using Guid(6b39c80f78dcf624cbaea9a84ee0f035) Importer(2089858483,192608db42251d675da83286b1cce702) (ScriptedImporter) -> (artifact id: 'cbb82309eec403430b8ccb33a6e7a7fe') in 0.005503 seconds
Number of updated asset objects reloaded before import = 0Number of asset objects unloaded after import = 1

========================================================================
Received Import Request.
  Time since last request: 0.000067 seconds.
  path: Assets/Vuplex/WebView/Core/Scripts/Internal/XritPointerEventHelper.cs
  artifactKey: Guid(887e2a6feb4d24166a0b11373c981d78) Importer(2089858483,192608db42251d675da83286b1cce702)
Start importing Assets/Vuplex/WebView/Core/Scripts/Internal/XritPointerEventHelper.cs using Guid(887e2a6feb4d24166a0b11373c981d78) Importer(2089858483,192608db42251d675da83286b1cce702) (ScriptedImporter) -> (artifact id: '1a4c1adf5d271a35ed467513234aefcb') in 0.0045936 seconds
Number of updated asset objects reloaded before import = 0Number of asset objects unloaded after import = 0

========================================================================
Received Import Request.
  Time since last request: 0.000040 seconds.
  path: Assets/Vuplex/WebView/Standalone/Windows/Plugins/VuplexWebViewChromium/locales/ta.pak
  artifactKey: Guid(7e06d503cccc1204aa39b992b63b2301) Importer(2089858483,192608db42251d675da83286b1cce702)
Start importing Assets/Vuplex/WebView/Standalone/Windows/Plugins/VuplexWebViewChromium/locales/ta.pak using Guid(7e06d503cccc1204aa39b992b63b2301) Importer(2089858483,192608db42251d675da83286b1cce702) (ScriptedImporter) -> (artifact id: 'b6325077b0674a38e1dc7d98913d6769') in 0.0044721 seconds
Number of updated asset objects reloaded before import = 0Number of asset objects unloaded after import = 1

========================================================================
Received Import Request.
  Time since last request: 0.000027 seconds.
  path: Assets/Vuplex/WebView/Standalone/Windows/Plugins/VuplexWebViewChromium/v8_context_snapshot.bin
  artifactKey: Guid(5249ca93f30413745ae7eaad3bcb2e50) Importer(2089858483,192608db42251d675da83286b1cce702)
Start importing Assets/Vuplex/WebView/Standalone/Windows/Plugins/VuplexWebViewChromium/v8_context_snapshot.bin using Guid(5249ca93f30413745ae7eaad3bcb2e50) Importer(2089858483,192608db42251d675da83286b1cce702) (ScriptedImporter) -> (artifact id: 'e247ec8c0768311123fef193891fae8d') in 0.0041573 seconds
Number of updated asset objects reloaded before import = 0Number of asset objects unloaded after import = 1

========================================================================
Received Import Request.
  Time since last request: 0.000059 seconds.
  path: Assets/Vuplex/WebView/Standalone/Windows/Plugins/VuplexWebViewChromium/locales/id.pak
  artifactKey: Guid(f5a479b844065bc478be719033912b5f) Importer(2089858483,192608db42251d675da83286b1cce702)
Start importing Assets/Vuplex/WebView/Standalone/Windows/Plugins/VuplexWebViewChromium/locales/id.pak using Guid(f5a479b844065bc478be719033912b5f) Importer(2089858483,192608db42251d675da83286b1cce702) (ScriptedImporter) -> (artifact id: 'e736696ea856cd437d517021c970fbd1') in 0.0036328 seconds
Number of updated asset objects reloaded before import = 0Number of asset objects unloaded after import = 1

========================================================================
Received Import Request.
  Time since last request: 0.000023 seconds.
  path: Assets/Vuplex/WebView/Standalone/Windows/Plugins/VuplexWebViewChromium/locales/nl.pak
  artifactKey: Guid(5396625119354964d89b143968ddcc65) Importer(2089858483,192608db42251d675da83286b1cce702)
Start importing Assets/Vuplex/WebView/Standalone/Windows/Plugins/VuplexWebViewChromium/locales/nl.pak using Guid(5396625119354964d89b143968ddcc65) Importer(2089858483,192608db42251d675da83286b1cce702) (ScriptedImporter) -> (artifact id: '65cce6eadb38de50d733143aadac2202') in 0.0042276 seconds
Number of updated asset objects reloaded before import = 0Number of asset objects unloaded after import = 1

========================================================================
Received Import Request.
  Time since last request: 0.000026 seconds.
  path: Assets/Vuplex/WebView/Standalone/Mac/Editor/MacBuildScript.cs
  artifactKey: Guid(a02093eef3a5d437684605fc1bbe8adf) Importer(2089858483,192608db42251d675da83286b1cce702)
Start importing Assets/Vuplex/WebView/Standalone/Mac/Editor/MacBuildScript.cs using Guid(a02093eef3a5d437684605fc1bbe8adf) Importer(2089858483,192608db42251d675da83286b1cce702) (ScriptedImporter) -> (artifact id: 'b05d894044566a3fad27dcf3d33dcd3a') in 0.0043943 seconds
Number of updated asset objects reloaded before import = 0Number of asset objects unloaded after import = 0

========================================================================
Received Prepare
Begin MonoManager ReloadAssembly
[Licensing::Client] Successfully resolved entitlement details
- Loaded All Assemblies, in  0.337 seconds
Refreshing native plugins compatible for Editor in 6.75 ms, found 6 plugins.
Assertion failed on expression: 'pred(*previous, *i)'
Assertion failed on expression: 'pred(*previous, *i)'
Assertion failed on expression: 'pred(*previous, *i)'
Assertion failed on expression: 'pred(*previous, *i)'
Assertion failed on expression: 'pred(*previous, *i)'
Assertion failed on expression: 'pred(*previous, *i)'
Assertion failed on expression: 'pred(*previous, *i)'
Assertion failed on expression: 'pred(*previous, *i)'
Assertion failed on expression: 'pred(*previous, *i)'
Assertion failed on expression: 'pred(*previous, *i)'
Assertion failed on expression: 'pred(*previous, *i)'
Assertion failed on expression: 'pred(*previous, *i)'
Assertion failed on expression: 'pred(*previous, *i)'
Assertion failed on expression: 'pred(*previous, *i)'
Assertion failed on expression: 'pred(*previous, *i)'
Assertion failed on expression: 'pred(*previous, *i)'
Assertion failed on expression: 'pred(*previous, *i)'
Assertion failed on expression: 'pred(*previous, *i)'
Assertion failed on expression: 'pred(*previous, *i)'
Assertion failed on expression: 'pred(*previous, *i)'
Assertion failed on expression: 'pred(*previous, *i)'
Assertion failed on expression: 'pred(*previous, *i)'
Assertion failed on expression: 'pred(*previous, *i)'
Assertion failed on expression: 'pred(*previous, *i)'
Assertion failed on expression: 'pred(*previous, *i)'
Assertion failed on expression: 'pred(*previous, *i)'
Assertion failed on expression: 'pred(*previous, *i)'
Assertion failed on expression: 'pred(*previous, *i)'
Assertion failed on expression: 'pred(*previous, *i)'
Assertion failed on expression: 'pred(*previous, *i)'
Assertion failed on expression: 'pred(*previous, *i)'
Assertion failed on expression: 'pred(*previous, *i)'
Assertion failed on expression: 'pred(*previous, *i)'
Assertion failed on expression: 'pred(*previous, *i)'
Assertion failed on expression: 'pred(*previous, *i)'
Assertion failed on expression: 'pred(*previous, *i)'
Assertion failed on expression: 'pred(*previous, *i)'
Assertion failed on expression: 'pred(*previous, *i)'
Assertion failed on expression: 'pred(*previous, *i)'
Assertion failed on expression: 'pred(*previous, *i)'
Assertion failed on expression: 'pred(*previous, *i)'
Assertion failed on expression: 'pred(*previous, *i)'
Assertion failed on expression: 'pred(*previous, *i)'
Assertion failed on expression: 'pred(*previous, *i)'
Assertion failed on expression: 'pred(*previous, *i)'
Assertion failed on expression: 'pred(*previous, *i)'
Assertion failed on expression: 'pred(*previous, *i)'
Assertion failed on expression: 'pred(*previous, *i)'
Assertion failed on expression: 'pred(*previous, *i)'
Assertion failed on expression: 'pred(*previous, *i)'
Assertion failed on expression: 'pred(*previous, *i)'
Assertion failed on expression: 'pred(*previous, *i)'
Assertion failed on expression: 'pred(*previous, *i)'
Assertion failed on expression: 'pred(*previous, *i)'
Assertion failed on expression: 'pred(*previous, *i)'
Assertion failed on expression: 'pred(*previous, *i)'
Assertion failed on expression: 'pred(*previous, *i)'
Assertion failed on expression: 'pred(*previous, *i)'
Assertion failed on expression: 'pred(*previous, *i)'
Assertion failed on expression: 'pred(*previous, *i)'
Assertion failed on expression: 'pred(*previous, *i)'
Assertion failed on expression: 'pred(*previous, *i)'
Assertion failed on expression: 'pred(*previous, *i)'
Assertion failed on expression: 'pred(*previous, *i)'
Assertion failed on expression: 'pred(*previous, *i)'
Native extension for WindowsStandalone target not found
[Package Manager] Failed to launch server process. Reason: Unity was launched with the -noUpm command-line argument
[Package Manager] Unable to send message (not connected to server process).
[Package Manager] Cannot connect to Unity Package Manager local server
Mono: successfully reloaded assembly
- Finished resetting the current domain, in  0.321 seconds
Domain Reload Profiling: 658ms
	BeginReloadAssembly (141ms)
		ExecutionOrderSort (0ms)
		DisableScriptedObjects (4ms)
		BackupInstance (0ms)
		ReleaseScriptingObjects (0ms)
		CreateAndSetChildDomain (29ms)
	RebuildCommonClasses (24ms)
	RebuildNativeTypeToScriptingClass (8ms)
	initialDomainReloadingComplete (17ms)
	LoadAllAssembliesAndSetupDomain (146ms)
		LoadAssemblies (165ms)
		RebuildTransferFunctionScriptingTraits (0ms)
		AnalyzeDomain (51ms)
			TypeCache.Refresh (8ms)
				TypeCache.ScanAssembly (2ms)
			BuildScriptInfoCaches (39ms)
			ResolveRequiredComponents (2ms)
	FinalizeReload (322ms)
		ReleaseScriptCaches (0ms)
		RebuildScriptCaches (0ms)
		SetupLoadedEditorAssemblies (245ms)
			LogAssemblyErrors (0ms)
			InitializePlatformSupportModulesInManaged (1ms)
			SetLoadedEditorAssemblies (2ms)
			BeforeProcessingInitializeOnLoad (50ms)
			ProcessInitializeOnLoadAttributes (172ms)
			ProcessInitializeOnLoadMethodAttributes (16ms)
			AfterProcessingInitializeOnLoad (3ms)
			EditorAssembliesLoaded (0ms)
		ExecutionOrderSort2 (0ms)
		AwakeInstancesAfterBackupRestoration (5ms)
WARNING: Shader Unsupported: 'AVProVideo/VR/InsideSphere Unlit Transparent (stereo+color+alpha) - Android OES ONLY' - All subshaders removed
WARNING: Shader Did you use #pragma only_renderers and omit this platform?
WARNING: Shader If subshaders removal was intentional, you may have forgotten turning Fallback off?
WARNING: Shader Unsupported: 'AVProVideo/VR/InsideSphere Unlit Transparent (stereo+color+alpha) - Android OES ONLY' - All subshaders removed
WARNING: Shader Did you use #pragma only_renderers and omit this platform?
WARNING: Shader If subshaders removal was intentional, you may have forgotten turning Fallback off?
WARNING: Shader Unsupported: 'AVProVideo/VR/InsideSphere Unlit (stereo+color) - Android OES ONLY' - All subshaders removed
WARNING: Shader Did you use #pragma only_renderers and omit this platform?
WARNING: Shader If subshaders removal was intentional, you may have forgotten turning Fallback off?
WARNING: Shader Unsupported: 'AVProVideo/VR/InsideSphere Unlit (stereo+color) - Android OES ONLY' - All subshaders removed
WARNING: Shader Did you use #pragma only_renderers and omit this platform?
WARNING: Shader If subshaders removal was intentional, you may have forgotten turning Fallback off?
WARNING: Shader Unsupported: 'AVProVideo/Internal/UI/Transparent Packed (stereo) - AndroidOES' - All subshaders removed
WARNING: Shader Did you use #pragma only_renderers and omit this platform?
WARNING: Shader If subshaders removal was intentional, you may have forgotten turning Fallback off?
WARNING: Shader Unsupported: 'AVProVideo/Internal/UI/Transparent Packed (stereo) - AndroidOES' - All subshaders removed
WARNING: Shader Did you use #pragma only_renderers and omit this platform?
WARNING: Shader If subshaders removal was intentional, you may have forgotten turning Fallback off?
WARNING: Shader Unsupported: 'AVProVideo/Unlit/Opaque (texture+color+stereo support) - Android OES ONLY' - All subshaders removed
WARNING: Shader Did you use #pragma only_renderers and omit this platform?
WARNING: Shader If subshaders removal was intentional, you may have forgotten turning Fallback off?
WARNING: Shader Unsupported: 'AVProVideo/Unlit/Opaque (texture+color+stereo support) - Android OES ONLY' - All subshaders removed
WARNING: Shader Did you use #pragma only_renderers and omit this platform?
WARNING: Shader If subshaders removal was intentional, you may have forgotten turning Fallback off?
WARNING: Shader Unsupported: 'Vuplex/Android Web Shader' - All subshaders removed
WARNING: Shader Did you use #pragma only_renderers and omit this platform?
WARNING: Shader If subshaders removal was intentional, you may have forgotten turning Fallback off?
WARNING: Shader Unsupported: 'Vuplex/Android Web Shader' - All subshaders removed
WARNING: Shader Did you use #pragma only_renderers and omit this platform?
WARNING: Shader If subshaders removal was intentional, you may have forgotten turning Fallback off?
WARNING: Shader Unsupported: 'AVProVideo/Unlit/Transparent (texture+alpha support) - Android OES ONLY' - All subshaders removed
WARNING: Shader Did you use #pragma only_renderers and omit this platform?
WARNING: Shader If subshaders removal was intentional, you may have forgotten turning Fallback off?
WARNING: Shader Unsupported: 'AVProVideo/Unlit/Transparent (texture+alpha support) - Android OES ONLY' - All subshaders removed
WARNING: Shader Did you use #pragma only_renderers and omit this platform?
WARNING: Shader If subshaders removal was intentional, you may have forgotten turning Fallback off?
WARNING: Shader Unsupported: 'AVProVideo/Internal/UI/Stereo - AndroidOES' - All subshaders removed
WARNING: Shader Did you use #pragma only_renderers and omit this platform?
WARNING: Shader If subshaders removal was intentional, you may have forgotten turning Fallback off?
WARNING: Shader Unsupported: 'AVProVideo/Internal/UI/Stereo - AndroidOES' - All subshaders removed
WARNING: Shader Did you use #pragma only_renderers and omit this platform?
WARNING: Shader If subshaders removal was intentional, you may have forgotten turning Fallback off?
Refreshing native plugins compatible for Editor in 6.44 ms, found 6 plugins.
Preloading 0 native plugins for Editor in 0.00 ms.
Unloading 28 Unused Serialized files (Serialized files now loaded: 0)
Unloading 2120 unused Assets / (4.9 MB). Loaded Objects now: 2533.
Memory consumption went from 82.0 MB to 77.1 MB.
Total: 4.375400 ms (FindLiveObjects: 0.195000 ms CreateObjectMapping: 0.095500 ms MarkObjects: 2.638100 ms  DeleteObjects: 1.446000 ms)

Prepare: number of updated asset objects reloaded= 0
========================================================================
Received Prepare
Begin MonoManager ReloadAssembly
- Loaded All Assemblies, in  0.373 seconds
Refreshing native plugins compatible for Editor in 8.12 ms, found 6 plugins.
Assertion failed on expression: 'pred(*previous, *i)'
Assertion failed on expression: 'pred(*previous, *i)'
Assertion failed on expression: 'pred(*previous, *i)'
Assertion failed on expression: 'pred(*previous, *i)'
Assertion failed on expression: 'pred(*previous, *i)'
Assertion failed on expression: 'pred(*previous, *i)'
Assertion failed on expression: 'pred(*previous, *i)'
Assertion failed on expression: 'pred(*previous, *i)'
Assertion failed on expression: 'pred(*previous, *i)'
Assertion failed on expression: 'pred(*previous, *i)'
Assertion failed on expression: 'pred(*previous, *i)'
Assertion failed on expression: 'pred(*previous, *i)'
Assertion failed on expression: 'pred(*previous, *i)'
Assertion failed on expression: 'pred(*previous, *i)'
Assertion failed on expression: 'pred(*previous, *i)'
Assertion failed on expression: 'pred(*previous, *i)'
Assertion failed on expression: 'pred(*previous, *i)'
Assertion failed on expression: 'pred(*previous, *i)'
Assertion failed on expression: 'pred(*previous, *i)'
Assertion failed on expression: 'pred(*previous, *i)'
Assertion failed on expression: 'pred(*previous, *i)'
Assertion failed on expression: 'pred(*previous, *i)'
Assertion failed on expression: 'pred(*previous, *i)'
Assertion failed on expression: 'pred(*previous, *i)'
Assertion failed on expression: 'pred(*previous, *i)'
Assertion failed on expression: 'pred(*previous, *i)'
Assertion failed on expression: 'pred(*previous, *i)'
Assertion failed on expression: 'pred(*previous, *i)'
Assertion failed on expression: 'pred(*previous, *i)'
Assertion failed on expression: 'pred(*previous, *i)'
Assertion failed on expression: 'pred(*previous, *i)'
Assertion failed on expression: 'pred(*previous, *i)'
Assertion failed on expression: 'pred(*previous, *i)'
Assertion failed on expression: 'pred(*previous, *i)'
Assertion failed on expression: 'pred(*previous, *i)'
Assertion failed on expression: 'pred(*previous, *i)'
Assertion failed on expression: 'pred(*previous, *i)'
Assertion failed on expression: 'pred(*previous, *i)'
Assertion failed on expression: 'pred(*previous, *i)'
Assertion failed on expression: 'pred(*previous, *i)'
Assertion failed on expression: 'pred(*previous, *i)'
Assertion failed on expression: 'pred(*previous, *i)'
Assertion failed on expression: 'pred(*previous, *i)'
Assertion failed on expression: 'pred(*previous, *i)'
Assertion failed on expression: 'pred(*previous, *i)'
Assertion failed on expression: 'pred(*previous, *i)'
Assertion failed on expression: 'pred(*previous, *i)'
Assertion failed on expression: 'pred(*previous, *i)'
Assertion failed on expression: 'pred(*previous, *i)'
Assertion failed on expression: 'pred(*previous, *i)'
Assertion failed on expression: 'pred(*previous, *i)'
Assertion failed on expression: 'pred(*previous, *i)'
Assertion failed on expression: 'pred(*previous, *i)'
Assertion failed on expression: 'pred(*previous, *i)'
Assertion failed on expression: 'pred(*previous, *i)'
Assertion failed on expression: 'pred(*previous, *i)'
Assertion failed on expression: 'pred(*previous, *i)'
Assertion failed on expression: 'pred(*previous, *i)'
Assertion failed on expression: 'pred(*previous, *i)'
Assertion failed on expression: 'pred(*previous, *i)'
Assertion failed on expression: 'pred(*previous, *i)'
Assertion failed on expression: 'pred(*previous, *i)'
Assertion failed on expression: 'pred(*previous, *i)'
Assertion failed on expression: 'pred(*previous, *i)'
Assertion failed on expression: 'pred(*previous, *i)'
Native extension for WindowsStandalone target not found
[Package Manager] Failed to launch server process. Reason: Unity was launched with the -noUpm command-line argument
[Package Manager] Unable to send message (not connected to server process).
[Package Manager] Cannot connect to Unity Package Manager local server
Mono: successfully reloaded assembly
- Finished resetting the current domain, in  0.386 seconds
Domain Reload Profiling: 757ms
	BeginReloadAssembly (129ms)
		ExecutionOrderSort (0ms)
		DisableScriptedObjects (4ms)
		BackupInstance (0ms)
		ReleaseScriptingObjects (0ms)
		CreateAndSetChildDomain (24ms)
	RebuildCommonClasses (24ms)
	RebuildNativeTypeToScriptingClass (8ms)
	initialDomainReloadingComplete (21ms)
	LoadAllAssembliesAndSetupDomain (187ms)
		LoadAssemblies (200ms)
		RebuildTransferFunctionScriptingTraits (0ms)
		AnalyzeDomain (54ms)
			TypeCache.Refresh (5ms)
				TypeCache.ScanAssembly (0ms)
			BuildScriptInfoCaches (45ms)
			ResolveRequiredComponents (2ms)
	FinalizeReload (387ms)
		ReleaseScriptCaches (0ms)
		RebuildScriptCaches (0ms)
		SetupLoadedEditorAssemblies (292ms)
			LogAssemblyErrors (0ms)
			InitializePlatformSupportModulesInManaged (3ms)
			SetLoadedEditorAssemblies (4ms)
			BeforeProcessingInitializeOnLoad (66ms)
			ProcessInitializeOnLoadAttributes (195ms)
			ProcessInitializeOnLoadMethodAttributes (21ms)
			AfterProcessingInitializeOnLoad (4ms)
			EditorAssembliesLoaded (0ms)
		ExecutionOrderSort2 (0ms)
		AwakeInstancesAfterBackupRestoration (7ms)
WARNING: Shader Unsupported: 'AVProVideo/VR/InsideSphere Unlit Transparent (stereo+color+alpha) - Android OES ONLY' - All subshaders removed
WARNING: Shader Did you use #pragma only_renderers and omit this platform?
WARNING: Shader If subshaders removal was intentional, you may have forgotten turning Fallback off?
WARNING: Shader Unsupported: 'AVProVideo/VR/InsideSphere Unlit Transparent (stereo+color+alpha) - Android OES ONLY' - All subshaders removed
WARNING: Shader Did you use #pragma only_renderers and omit this platform?
WARNING: Shader If subshaders removal was intentional, you may have forgotten turning Fallback off?
WARNING: Shader Unsupported: 'AVProVideo/VR/InsideSphere Unlit (stereo+color) - Android OES ONLY' - All subshaders removed
WARNING: Shader Did you use #pragma only_renderers and omit this platform?
WARNING: Shader If subshaders removal was intentional, you may have forgotten turning Fallback off?
WARNING: Shader Unsupported: 'AVProVideo/VR/InsideSphere Unlit (stereo+color) - Android OES ONLY' - All subshaders removed
WARNING: Shader Did you use #pragma only_renderers and omit this platform?
WARNING: Shader If subshaders removal was intentional, you may have forgotten turning Fallback off?
WARNING: Shader Unsupported: 'AVProVideo/Internal/UI/Transparent Packed (stereo) - AndroidOES' - All subshaders removed
WARNING: Shader Did you use #pragma only_renderers and omit this platform?
WARNING: Shader If subshaders removal was intentional, you may have forgotten turning Fallback off?
WARNING: Shader Unsupported: 'AVProVideo/Internal/UI/Transparent Packed (stereo) - AndroidOES' - All subshaders removed
WARNING: Shader Did you use #pragma only_renderers and omit this platform?
WARNING: Shader If subshaders removal was intentional, you may have forgotten turning Fallback off?
WARNING: Shader Unsupported: 'AVProVideo/Unlit/Opaque (texture+color+stereo support) - Android OES ONLY' - All subshaders removed
WARNING: Shader Did you use #pragma only_renderers and omit this platform?
WARNING: Shader If subshaders removal was intentional, you may have forgotten turning Fallback off?
WARNING: Shader Unsupported: 'AVProVideo/Unlit/Opaque (texture+color+stereo support) - Android OES ONLY' - All subshaders removed
WARNING: Shader Did you use #pragma only_renderers and omit this platform?
WARNING: Shader If subshaders removal was intentional, you may have forgotten turning Fallback off?
WARNING: Shader Unsupported: 'Vuplex/Android Web Shader' - All subshaders removed
WARNING: Shader Did you use #pragma only_renderers and omit this platform?
WARNING: Shader If subshaders removal was intentional, you may have forgotten turning Fallback off?
WARNING: Shader Unsupported: 'Vuplex/Android Web Shader' - All subshaders removed
WARNING: Shader Did you use #pragma only_renderers and omit this platform?
WARNING: Shader If subshaders removal was intentional, you may have forgotten turning Fallback off?
WARNING: Shader Unsupported: 'AVProVideo/Unlit/Transparent (texture+alpha support) - Android OES ONLY' - All subshaders removed
WARNING: Shader Did you use #pragma only_renderers and omit this platform?
WARNING: Shader If subshaders removal was intentional, you may have forgotten turning Fallback off?
WARNING: Shader Unsupported: 'AVProVideo/Unlit/Transparent (texture+alpha support) - Android OES ONLY' - All subshaders removed
WARNING: Shader Did you use #pragma only_renderers and omit this platform?
WARNING: Shader If subshaders removal was intentional, you may have forgotten turning Fallback off?
WARNING: Shader Unsupported: 'AVProVideo/Internal/UI/Stereo - AndroidOES' - All subshaders removed
WARNING: Shader Did you use #pragma only_renderers and omit this platform?
WARNING: Shader If subshaders removal was intentional, you may have forgotten turning Fallback off?
WARNING: Shader Unsupported: 'AVProVideo/Internal/UI/Stereo - AndroidOES' - All subshaders removed
WARNING: Shader Did you use #pragma only_renderers and omit this platform?
WARNING: Shader If subshaders removal was intentional, you may have forgotten turning Fallback off?
Refreshing native plugins compatible for Editor in 187.20 ms, found 6 plugins.
Preloading 0 native plugins for Editor in 0.00 ms.
Unloading 28 Unused Serialized files (Serialized files now loaded: 0)
Unloading 2120 unused Assets / (4.8 MB). Loaded Objects now: 2534.
Memory consumption went from 82.1 MB to 77.3 MB.
Total: 5.213400 ms (FindLiveObjects: 0.220700 ms CreateObjectMapping: 0.150600 ms MarkObjects: 2.987400 ms  DeleteObjects: 1.852900 ms)

Prepare: number of updated asset objects reloaded= 0
========================================================================
Received Prepare
Begin MonoManager ReloadAssembly
- Loaded All Assemblies, in  0.368 seconds
Refreshing native plugins compatible for Editor in 10.75 ms, found 6 plugins.
Assertion failed on expression: 'pred(*previous, *i)'
Assertion failed on expression: 'pred(*previous, *i)'
Assertion failed on expression: 'pred(*previous, *i)'
Assertion failed on expression: 'pred(*previous, *i)'
Assertion failed on expression: 'pred(*previous, *i)'
Assertion failed on expression: 'pred(*previous, *i)'
Assertion failed on expression: 'pred(*previous, *i)'
Assertion failed on expression: 'pred(*previous, *i)'
Assertion failed on expression: 'pred(*previous, *i)'
Assertion failed on expression: 'pred(*previous, *i)'
Assertion failed on expression: 'pred(*previous, *i)'
Assertion failed on expression: 'pred(*previous, *i)'
Assertion failed on expression: 'pred(*previous, *i)'
Assertion failed on expression: 'pred(*previous, *i)'
Assertion failed on expression: 'pred(*previous, *i)'
Assertion failed on expression: 'pred(*previous, *i)'
Assertion failed on expression: 'pred(*previous, *i)'
Assertion failed on expression: 'pred(*previous, *i)'
Assertion failed on expression: 'pred(*previous, *i)'
Assertion failed on expression: 'pred(*previous, *i)'
Assertion failed on expression: 'pred(*previous, *i)'
Assertion failed on expression: 'pred(*previous, *i)'
Assertion failed on expression: 'pred(*previous, *i)'
Assertion failed on expression: 'pred(*previous, *i)'
Assertion failed on expression: 'pred(*previous, *i)'
Assertion failed on expression: 'pred(*previous, *i)'
Assertion failed on expression: 'pred(*previous, *i)'
Assertion failed on expression: 'pred(*previous, *i)'
Assertion failed on expression: 'pred(*previous, *i)'
Assertion failed on expression: 'pred(*previous, *i)'
Assertion failed on expression: 'pred(*previous, *i)'
Assertion failed on expression: 'pred(*previous, *i)'
Assertion failed on expression: 'pred(*previous, *i)'
Assertion failed on expression: 'pred(*previous, *i)'
Assertion failed on expression: 'pred(*previous, *i)'
Assertion failed on expression: 'pred(*previous, *i)'
Assertion failed on expression: 'pred(*previous, *i)'
Assertion failed on expression: 'pred(*previous, *i)'
Assertion failed on expression: 'pred(*previous, *i)'
Assertion failed on expression: 'pred(*previous, *i)'
Assertion failed on expression: 'pred(*previous, *i)'
Assertion failed on expression: 'pred(*previous, *i)'
Assertion failed on expression: 'pred(*previous, *i)'
Assertion failed on expression: 'pred(*previous, *i)'
Assertion failed on expression: 'pred(*previous, *i)'
Assertion failed on expression: 'pred(*previous, *i)'
Assertion failed on expression: 'pred(*previous, *i)'
Assertion failed on expression: 'pred(*previous, *i)'
Assertion failed on expression: 'pred(*previous, *i)'
Assertion failed on expression: 'pred(*previous, *i)'
Assertion failed on expression: 'pred(*previous, *i)'
Assertion failed on expression: 'pred(*previous, *i)'
Assertion failed on expression: 'pred(*previous, *i)'
Assertion failed on expression: 'pred(*previous, *i)'
Assertion failed on expression: 'pred(*previous, *i)'
Assertion failed on expression: 'pred(*previous, *i)'
Assertion failed on expression: 'pred(*previous, *i)'
Assertion failed on expression: 'pred(*previous, *i)'
Assertion failed on expression: 'pred(*previous, *i)'
Assertion failed on expression: 'pred(*previous, *i)'
Assertion failed on expression: 'pred(*previous, *i)'
Assertion failed on expression: 'pred(*previous, *i)'
Assertion failed on expression: 'pred(*previous, *i)'
Assertion failed on expression: 'pred(*previous, *i)'
Native extension for WindowsStandalone target not found
[Package Manager] Failed to launch server process. Reason: Unity was launched with the -noUpm command-line argument
[Package Manager] Unable to send message (not connected to server process).
[Package Manager] Cannot connect to Unity Package Manager local server
Mono: successfully reloaded assembly
- Finished resetting the current domain, in  0.361 seconds
Domain Reload Profiling: 727ms
	BeginReloadAssembly (142ms)
		ExecutionOrderSort (0ms)
		DisableScriptedObjects (4ms)
		BackupInstance (0ms)
		ReleaseScriptingObjects (0ms)
		CreateAndSetChildDomain (31ms)
	RebuildCommonClasses (24ms)
	RebuildNativeTypeToScriptingClass (8ms)
	initialDomainReloadingComplete (19ms)
	LoadAllAssembliesAndSetupDomain (172ms)
		LoadAssemblies (181ms)
		RebuildTransferFunctionScriptingTraits (0ms)
		AnalyzeDomain (63ms)
			TypeCache.Refresh (6ms)
				TypeCache.ScanAssembly (0ms)
			BuildScriptInfoCaches (52ms)
			ResolveRequiredComponents (2ms)
	FinalizeReload (362ms)
		ReleaseScriptCaches (0ms)
		RebuildScriptCaches (0ms)
		SetupLoadedEditorAssemblies (258ms)
			LogAssemblyErrors (0ms)
			InitializePlatformSupportModulesInManaged (2ms)
			SetLoadedEditorAssemblies (2ms)
			BeforeProcessingInitializeOnLoad (61ms)
			ProcessInitializeOnLoadAttributes (174ms)
			ProcessInitializeOnLoadMethodAttributes (16ms)
			AfterProcessingInitializeOnLoad (4ms)
			EditorAssembliesLoaded (0ms)
		ExecutionOrderSort2 (0ms)
		AwakeInstancesAfterBackupRestoration (7ms)
WARNING: Shader Unsupported: 'AVProVideo/VR/InsideSphere Unlit Transparent (stereo+color+alpha) - Android OES ONLY' - All subshaders removed
WARNING: Shader Did you use #pragma only_renderers and omit this platform?
WARNING: Shader If subshaders removal was intentional, you may have forgotten turning Fallback off?
WARNING: Shader Unsupported: 'AVProVideo/VR/InsideSphere Unlit Transparent (stereo+color+alpha) - Android OES ONLY' - All subshaders removed
WARNING: Shader Did you use #pragma only_renderers and omit this platform?
WARNING: Shader If subshaders removal was intentional, you may have forgotten turning Fallback off?
WARNING: Shader Unsupported: 'AVProVideo/VR/InsideSphere Unlit (stereo+color) - Android OES ONLY' - All subshaders removed
WARNING: Shader Did you use #pragma only_renderers and omit this platform?
WARNING: Shader If subshaders removal was intentional, you may have forgotten turning Fallback off?
WARNING: Shader Unsupported: 'AVProVideo/VR/InsideSphere Unlit (stereo+color) - Android OES ONLY' - All subshaders removed
WARNING: Shader Did you use #pragma only_renderers and omit this platform?
WARNING: Shader If subshaders removal was intentional, you may have forgotten turning Fallback off?
WARNING: Shader Unsupported: 'AVProVideo/Internal/UI/Transparent Packed (stereo) - AndroidOES' - All subshaders removed
WARNING: Shader Did you use #pragma only_renderers and omit this platform?
WARNING: Shader If subshaders removal was intentional, you may have forgotten turning Fallback off?
WARNING: Shader Unsupported: 'AVProVideo/Internal/UI/Transparent Packed (stereo) - AndroidOES' - All subshaders removed
WARNING: Shader Did you use #pragma only_renderers and omit this platform?
WARNING: Shader If subshaders removal was intentional, you may have forgotten turning Fallback off?
WARNING: Shader Unsupported: 'AVProVideo/Unlit/Opaque (texture+color+stereo support) - Android OES ONLY' - All subshaders removed
WARNING: Shader Did you use #pragma only_renderers and omit this platform?
WARNING: Shader If subshaders removal was intentional, you may have forgotten turning Fallback off?
WARNING: Shader Unsupported: 'AVProVideo/Unlit/Opaque (texture+color+stereo support) - Android OES ONLY' - All subshaders removed
WARNING: Shader Did you use #pragma only_renderers and omit this platform?
WARNING: Shader If subshaders removal was intentional, you may have forgotten turning Fallback off?
WARNING: Shader Unsupported: 'Vuplex/Android Web Shader' - All subshaders removed
WARNING: Shader Did you use #pragma only_renderers and omit this platform?
WARNING: Shader If subshaders removal was intentional, you may have forgotten turning Fallback off?
WARNING: Shader Unsupported: 'Vuplex/Android Web Shader' - All subshaders removed
WARNING: Shader Did you use #pragma only_renderers and omit this platform?
WARNING: Shader If subshaders removal was intentional, you may have forgotten turning Fallback off?
WARNING: Shader Unsupported: 'AVProVideo/Unlit/Transparent (texture+alpha support) - Android OES ONLY' - All subshaders removed
WARNING: Shader Did you use #pragma only_renderers and omit this platform?
WARNING: Shader If subshaders removal was intentional, you may have forgotten turning Fallback off?
WARNING: Shader Unsupported: 'AVProVideo/Unlit/Transparent (texture+alpha support) - Android OES ONLY' - All subshaders removed
WARNING: Shader Did you use #pragma only_renderers and omit this platform?
WARNING: Shader If subshaders removal was intentional, you may have forgotten turning Fallback off?
WARNING: Shader Unsupported: 'AVProVideo/Internal/UI/Stereo - AndroidOES' - All subshaders removed
WARNING: Shader Did you use #pragma only_renderers and omit this platform?
WARNING: Shader If subshaders removal was intentional, you may have forgotten turning Fallback off?
WARNING: Shader Unsupported: 'AVProVideo/Internal/UI/Stereo - AndroidOES' - All subshaders removed
WARNING: Shader Did you use #pragma only_renderers and omit this platform?
WARNING: Shader If subshaders removal was intentional, you may have forgotten turning Fallback off?
Refreshing native plugins compatible for Editor in 9.21 ms, found 6 plugins.
Preloading 0 native plugins for Editor in 0.00 ms.
Unloading 28 Unused Serialized files (Serialized files now loaded: 0)
Unloading 2120 unused Assets / (4.5 MB). Loaded Objects now: 2535.
Memory consumption went from 82.1 MB to 77.6 MB.
Total: 4.947700 ms (FindLiveObjects: 0.226100 ms CreateObjectMapping: 0.099200 ms MarkObjects: 3.053900 ms  DeleteObjects: 1.567400 ms)

Prepare: number of updated asset objects reloaded= 0
========================================================================
Received Prepare
Begin MonoManager ReloadAssembly
- Loaded All Assemblies, in  0.326 seconds
Refreshing native plugins compatible for Editor in 7.84 ms, found 6 plugins.
Assertion failed on expression: 'pred(*previous, *i)'
Assertion failed on expression: 'pred(*previous, *i)'
Assertion failed on expression: 'pred(*previous, *i)'
Assertion failed on expression: 'pred(*previous, *i)'
Assertion failed on expression: 'pred(*previous, *i)'
Assertion failed on expression: 'pred(*previous, *i)'
Assertion failed on expression: 'pred(*previous, *i)'
Assertion failed on expression: 'pred(*previous, *i)'
Assertion failed on expression: 'pred(*previous, *i)'
Assertion failed on expression: 'pred(*previous, *i)'
Assertion failed on expression: 'pred(*previous, *i)'
Assertion failed on expression: 'pred(*previous, *i)'
Assertion failed on expression: 'pred(*previous, *i)'
Assertion failed on expression: 'pred(*previous, *i)'
Assertion failed on expression: 'pred(*previous, *i)'
Assertion failed on expression: 'pred(*previous, *i)'
Assertion failed on expression: 'pred(*previous, *i)'
Assertion failed on expression: 'pred(*previous, *i)'
Assertion failed on expression: 'pred(*previous, *i)'
Assertion failed on expression: 'pred(*previous, *i)'
Assertion failed on expression: 'pred(*previous, *i)'
Assertion failed on expression: 'pred(*previous, *i)'
Assertion failed on expression: 'pred(*previous, *i)'
Assertion failed on expression: 'pred(*previous, *i)'
Assertion failed on expression: 'pred(*previous, *i)'
Assertion failed on expression: 'pred(*previous, *i)'
Assertion failed on expression: 'pred(*previous, *i)'
Assertion failed on expression: 'pred(*previous, *i)'
Assertion failed on expression: 'pred(*previous, *i)'
Assertion failed on expression: 'pred(*previous, *i)'
Assertion failed on expression: 'pred(*previous, *i)'
Assertion failed on expression: 'pred(*previous, *i)'
Assertion failed on expression: 'pred(*previous, *i)'
Assertion failed on expression: 'pred(*previous, *i)'
Assertion failed on expression: 'pred(*previous, *i)'
Assertion failed on expression: 'pred(*previous, *i)'
Assertion failed on expression: 'pred(*previous, *i)'
Assertion failed on expression: 'pred(*previous, *i)'
Assertion failed on expression: 'pred(*previous, *i)'
Assertion failed on expression: 'pred(*previous, *i)'
Assertion failed on expression: 'pred(*previous, *i)'
Assertion failed on expression: 'pred(*previous, *i)'
Assertion failed on expression: 'pred(*previous, *i)'
Assertion failed on expression: 'pred(*previous, *i)'
Assertion failed on expression: 'pred(*previous, *i)'
Assertion failed on expression: 'pred(*previous, *i)'
Assertion failed on expression: 'pred(*previous, *i)'
Assertion failed on expression: 'pred(*previous, *i)'
Assertion failed on expression: 'pred(*previous, *i)'
Assertion failed on expression: 'pred(*previous, *i)'
Assertion failed on expression: 'pred(*previous, *i)'
Assertion failed on expression: 'pred(*previous, *i)'
Assertion failed on expression: 'pred(*previous, *i)'
Assertion failed on expression: 'pred(*previous, *i)'
Assertion failed on expression: 'pred(*previous, *i)'
Assertion failed on expression: 'pred(*previous, *i)'
Assertion failed on expression: 'pred(*previous, *i)'
Assertion failed on expression: 'pred(*previous, *i)'
Assertion failed on expression: 'pred(*previous, *i)'
Assertion failed on expression: 'pred(*previous, *i)'
Assertion failed on expression: 'pred(*previous, *i)'
Assertion failed on expression: 'pred(*previous, *i)'
Assertion failed on expression: 'pred(*previous, *i)'
Assertion failed on expression: 'pred(*previous, *i)'
Native extension for WindowsStandalone target not found
[Package Manager] Failed to launch server process. Reason: Unity was launched with the -noUpm command-line argument
[Package Manager] Unable to send message (not connected to server process).
[Package Manager] Cannot connect to Unity Package Manager local server
Mono: successfully reloaded assembly
- Finished resetting the current domain, in  0.336 seconds
Domain Reload Profiling: 661ms
	BeginReloadAssembly (130ms)
		ExecutionOrderSort (0ms)
		DisableScriptedObjects (3ms)
		BackupInstance (0ms)
		ReleaseScriptingObjects (0ms)
		CreateAndSetChildDomain (25ms)
	RebuildCommonClasses (23ms)
	RebuildNativeTypeToScriptingClass (8ms)
	initialDomainReloadingComplete (16ms)
	LoadAllAssembliesAndSetupDomain (148ms)
		LoadAssemblies (163ms)
		RebuildTransferFunctionScriptingTraits (0ms)
		AnalyzeDomain (53ms)
			TypeCache.Refresh (5ms)
				TypeCache.ScanAssembly (0ms)
			BuildScriptInfoCaches (43ms)
			ResolveRequiredComponents (2ms)
	FinalizeReload (336ms)
		ReleaseScriptCaches (0ms)
		RebuildScriptCaches (0ms)
		SetupLoadedEditorAssemblies (250ms)
			LogAssemblyErrors (0ms)
			InitializePlatformSupportModulesInManaged (1ms)
			SetLoadedEditorAssemblies (2ms)
			BeforeProcessingInitializeOnLoad (54ms)
			ProcessInitializeOnLoadAttributes (167ms)
			ProcessInitializeOnLoadMethodAttributes (22ms)
			AfterProcessingInitializeOnLoad (4ms)
			EditorAssembliesLoaded (0ms)
		ExecutionOrderSort2 (0ms)
		AwakeInstancesAfterBackupRestoration (6ms)
WARNING: Shader Unsupported: 'AVProVideo/VR/InsideSphere Unlit Transparent (stereo+color+alpha) - Android OES ONLY' - All subshaders removed
WARNING: Shader Did you use #pragma only_renderers and omit this platform?
WARNING: Shader If subshaders removal was intentional, you may have forgotten turning Fallback off?
WARNING: Shader Unsupported: 'AVProVideo/VR/InsideSphere Unlit Transparent (stereo+color+alpha) - Android OES ONLY' - All subshaders removed
WARNING: Shader Did you use #pragma only_renderers and omit this platform?
WARNING: Shader If subshaders removal was intentional, you may have forgotten turning Fallback off?
WARNING: Shader Unsupported: 'AVProVideo/VR/InsideSphere Unlit (stereo+color) - Android OES ONLY' - All subshaders removed
WARNING: Shader Did you use #pragma only_renderers and omit this platform?
WARNING: Shader If subshaders removal was intentional, you may have forgotten turning Fallback off?
WARNING: Shader Unsupported: 'AVProVideo/VR/InsideSphere Unlit (stereo+color) - Android OES ONLY' - All subshaders removed
WARNING: Shader Did you use #pragma only_renderers and omit this platform?
WARNING: Shader If subshaders removal was intentional, you may have forgotten turning Fallback off?
WARNING: Shader Unsupported: 'AVProVideo/Internal/UI/Transparent Packed (stereo) - AndroidOES' - All subshaders removed
WARNING: Shader Did you use #pragma only_renderers and omit this platform?
WARNING: Shader If subshaders removal was intentional, you may have forgotten turning Fallback off?
WARNING: Shader Unsupported: 'AVProVideo/Internal/UI/Transparent Packed (stereo) - AndroidOES' - All subshaders removed
WARNING: Shader Did you use #pragma only_renderers and omit this platform?
WARNING: Shader If subshaders removal was intentional, you may have forgotten turning Fallback off?
WARNING: Shader Unsupported: 'AVProVideo/Unlit/Opaque (texture+color+stereo support) - Android OES ONLY' - All subshaders removed
WARNING: Shader Did you use #pragma only_renderers and omit this platform?
WARNING: Shader If subshaders removal was intentional, you may have forgotten turning Fallback off?
WARNING: Shader Unsupported: 'AVProVideo/Unlit/Opaque (texture+color+stereo support) - Android OES ONLY' - All subshaders removed
WARNING: Shader Did you use #pragma only_renderers and omit this platform?
WARNING: Shader If subshaders removal was intentional, you may have forgotten turning Fallback off?
WARNING: Shader Unsupported: 'Vuplex/Android Web Shader' - All subshaders removed
WARNING: Shader Did you use #pragma only_renderers and omit this platform?
WARNING: Shader If subshaders removal was intentional, you may have forgotten turning Fallback off?
WARNING: Shader Unsupported: 'Vuplex/Android Web Shader' - All subshaders removed
WARNING: Shader Did you use #pragma only_renderers and omit this platform?
WARNING: Shader If subshaders removal was intentional, you may have forgotten turning Fallback off?
WARNING: Shader Unsupported: 'AVProVideo/Unlit/Transparent (texture+alpha support) - Android OES ONLY' - All subshaders removed
WARNING: Shader Did you use #pragma only_renderers and omit this platform?
WARNING: Shader If subshaders removal was intentional, you may have forgotten turning Fallback off?
WARNING: Shader Unsupported: 'AVProVideo/Unlit/Transparent (texture+alpha support) - Android OES ONLY' - All subshaders removed
WARNING: Shader Did you use #pragma only_renderers and omit this platform?
WARNING: Shader If subshaders removal was intentional, you may have forgotten turning Fallback off?
WARNING: Shader Unsupported: 'AVProVideo/Internal/UI/Stereo - AndroidOES' - All subshaders removed
WARNING: Shader Did you use #pragma only_renderers and omit this platform?
WARNING: Shader If subshaders removal was intentional, you may have forgotten turning Fallback off?
WARNING: Shader Unsupported: 'AVProVideo/Internal/UI/Stereo - AndroidOES' - All subshaders removed
WARNING: Shader Did you use #pragma only_renderers and omit this platform?
WARNING: Shader If subshaders removal was intentional, you may have forgotten turning Fallback off?
Refreshing native plugins compatible for Editor in 8.48 ms, found 6 plugins.
Preloading 0 native plugins for Editor in 0.00 ms.
Unloading 28 Unused Serialized files (Serialized files now loaded: 0)
Unloading 2120 unused Assets / (4.6 MB). Loaded Objects now: 2536.
Memory consumption went from 82.2 MB to 77.6 MB.
Total: 4.335600 ms (FindLiveObjects: 0.176300 ms CreateObjectMapping: 0.081000 ms MarkObjects: 2.714800 ms  DeleteObjects: 1.362400 ms)

Prepare: number of updated asset objects reloaded= 0
